日期,內容
2025/2/3,國防部今日表示，至上午6時止，偵獲共機21架次（其中逾越海峽中線進入北部及西南空域14架次）及共艦7艘次，持續在臺海周邊活動。國軍運用任務機、艦及岸置飛彈系統嚴密監控與應處。
2025/2/2,國防部今日表示，迄0600時止，偵獲共機8架次（其中逾越海峽中線進入西南空域6架次）及共艦5艘、公務船1艘，持續在臺海周邊活動。國軍運用任務機、艦及岸置飛彈系統嚴密監控與應處。
2025/2/1,"迄0600時止,偵獲共機1架次及共艦6艘,持續在臺海周邊活動。國軍運用任務機、艦及岸置飛彈系統嚴密監控與應處。"
2025/1/31,"迄0600時止,偵獲共機7架次(其中逾越海峽中線進入北部及西南空域5架次)及共艦5艘,持續在臺海周邊活動。 國軍運用任務機、艦及岸置飛彈系統嚴密監控與應處。"
2025/1/30,國防部今日表示，至上午6時止，偵獲共機21架次（其中逾越海峽中線進入北部及西南空域14架次）及共艦7艘次，持續在臺海周邊活動。國軍運用任務機、艦及岸置飛彈系統嚴密監控與應處。
2025/1/29,國防部今日表示，至上午6時止，偵獲共機21架次（其中逾越海峽中線進入北部及西南空域14架次）及共艦7艘次，持續在臺海周邊活動。國軍運用任務機、艦及岸置飛彈系統嚴密監控與應處。
2025/1/28,國防部今日表示，至上午6時止，偵獲共機6架次及共艦7艘，持續在臺海周邊活動。國軍運用任務機、艦及岸置飛彈系統嚴密監控與應處。
2025/1/27,國防部今日表示，至上午6時止，偵獲共機4架次（其中逾越海峽中線進入北部空域2架次）及共艦5艘，持續在臺海周邊活動。國軍運用任務機、艦及岸置飛彈系統嚴密監控與應處。
2025/1/26,"國防部今日表示，至上午6時止，偵獲共機6架次（其中逾越海峽中線進入西南空域2架次）及共艦7艘次，持續在臺海周邊活動。國軍運用任務機、艦及岸置飛彈系統嚴密監控與應處。
　國防部另指出，昨（25）日偵獲中共空飄氣球2枚，首枚於上午06時23分於基隆西北方75浬，高度1萬8000呎處偵獲，於上午07時45分消失；另一枚於上午06時23分於基隆西北68浬處，高度1萬8000呎處偵獲，並於上午07時26分消失。"
2025/1/25,"國防部今日表示，至上午6時止，偵獲共機28架次（其中逾越海峽中線進入西南空域27架次）及共艦8艘次，持續在臺海周邊活動。國軍運用任務機、艦及岸置飛彈系統嚴密監控與應處。
　國防部另指出，昨（24）日偵獲中共空飄氣球2枚，首枚於下午02時20分於臺中西北方73浬，高度4萬2000呎處偵獲，於下午04時50分消失；次枚於下午06時20分於基隆西方74浬處，高度2萬7000呎處偵獲，並於晚間08時05分消失。"
2025/1/24,國防部今日表示，迄0600時止，偵獲共機10架次（其中逾越海峽中線進入西南空域9架次）及共艦7艘，持續在臺海周邊活動。國軍運用任務機、艦及岸置飛彈系統嚴密監控與應處。
2025/1/23,國防部今日表示，迄0600時止，偵獲共機35架次（其中逾越海峽中線進入北部、西南及東部空域27架次）及共艦6艘，持續在臺海周邊活動。國軍運用任務機、艦及岸置飛彈系統嚴密監控與應處。
2025/1/22,　國防部今日表示，迄0600時止，偵獲共機14架次（其中逾越海峽中線進入北部、西南及東部空域12架次）及共艦5艘，持續在臺海周邊活動。國軍運用任務機、艦及岸置飛彈系統嚴密監控與應處。
2025/1/21,　國防部今日表示，迄0600時止，偵獲共機9架次（其中逾越海峽中線進入西南空域5架次）及共艦6艘，持續在臺海周邊活動。國軍運用任務機、艦及岸置飛彈系統嚴密監控與應處。
2025/1/20,國防部今日表示，迄0600時止，偵獲共機4架次（其中逾越海峽中線進入西南及東部空域3架次）及共艦6艘，持續在臺海周邊活動。國軍運用任務機、艦及岸置飛彈系統嚴密監控與應處。
2025/1/19,　 國防部今日表示，迄0600時止，偵獲共機9架次（進入西南及東部空域4架次）及共艦6艘，持續在臺海周邊活動。國軍運用任務機、艦及岸置飛彈系統嚴密監控與應處。
2025/1/18,"迄0600時止,偵獲共機17架次(其中逾越海峽中線進入西南空域13架次)及共艦6艘,持續在臺海周邊活動。國軍運用任務機、艦及岸置飛彈系統嚴密監控與應處。"
2025/1/17,國防部今日表示，迄0600時止，偵獲共機13架次(其中逾越海峽中線進入北部及西南空域11架次）及共艦7艘，持續在臺海周邊活動。國軍運用任務機、艦及岸置飛彈糸統嚴密監控與應處。
2025/1/16, 國防部今日表示，迄0600時止，偵獲共機10架次(其中逾越海峽中線進入北部及西南空域6架次）及共艦6艘，持續在臺海周邊活動。國軍運用任務機、艦及岸置飛彈糸統嚴密監控與應處。
2025/1/15,國防部今日表示，迄0600時止，偵獲共機24架次(其中逾越海峽中線進入北部、西南及東部空域21架次）及共艦6艘，持續在臺海周邊活動。國軍運用任務機、艦及岸置飛彈糸統嚴密監控與應處。
2025/1/14,"國防部今日表示，迄0600時止，偵獲共機10架次（其中逾越海峽中線及進入北部及西南空域5架次）及共艦4艘，持續在臺海周邊活動。國軍運用任務機、艦及岸置飛彈系統嚴密監控與應處。

　昨（13）日1520時偵獲空飄氣球1枚，逾越海峽中線，位於基隆西北方65浬，高度約1萬7000呎，續向東北飄行，並於昨日1625時消失。"
2025/1/13,國防部今日表示，迄0600時止，偵獲共機6架次(其中逾越海峽中線進入西南空域4架次）及共艦6艘，持續在臺海周邊活動。國軍運用任務機、艦及岸置飛彈糸統嚴密監控與應處。
2025/1/12,國防部今日表示，迄0600時止，偵獲共機8架次（其中逾越海峽中線進入北部及西南空域7架次）及共艦6艘，持續在臺海周邊活動。國軍運用任務機、艦及岸置飛彈系統嚴密監控與應處。
2025/1/11,國防部今日表示，迄0600時止，偵獲共機8架次（其中逾越海峽中線進入西南空域4架次）及共艦5艘，持續在臺海周邊活動。國軍運用任務機、艦及岸置飛彈系統嚴密監控與應處。
2025/1/10,國防部今日表示，迄0600時止，偵獲共4架次（其中逾越海峽中線進入西南空域3架次）及共艦6艘，持續在臺海周邊活動。國軍運用任務機、艦及岸置飛彈系統嚴密監控與應處。
2025/1/9,國防部今日表示，迄0600時止，偵獲共機11架次（其中逾越海峽中線進入北部及西南空域5架次）及共艦9艘，持續在臺海周邊活動。國軍運用任務機、艦及岸置飛彈系統嚴密監控與應處。
2025/1/8,　國防部今日表示，迄0600時止，偵獲共機25架次（其中逾越海峽中線進入北部、西南及東部空域19架次）及共艦9艘，持續在臺海周邊活動。國軍運用任務機、艦及岸置飛彈系統嚴密監控與應處。
2025/1/7,國防部今日表示，迄0600時止，偵獲共機15架次（其中逾越海峽中線進入西南空域14架次）及共艦8艘，持續在臺海周邊活動。國軍運用任務機、艦及岸置飛彈系統嚴密監控與應處。
2025/1/6,國防部今日表示，迄0600時止，偵獲共機7架次（其中逾越海峽中線進入西南及東部空域6架次）及共艦7艘、公務船1艘，持續在臺海周邊活動。國軍運用任務機、艦及岸置飛彈系統嚴密監控與應處。
2025/1/5,"國防部今日表示，至上午6時止，偵獲共機5架次（其中逾越中線進入北部及西南空域4架次）及共艦6艘次，持續在臺海周邊活動。國軍運用任務機、艦及岸置飛彈系統嚴密監控與應處。
　此外，國防部指出，中共將於1月7日在西昌衛星發射中心發射運載火箭，將經我國ADIZ向西太平洋飛行，國軍也將同時運用聯合情監偵系統，嚴密掌握相關動態資訊，適切警戒與應處。"
2025/1/4,國防部今日表示，迄0600時止，偵獲共機5架次（其中逾越海峽中線進入西南空域3架次）及共艦7艘，持續在臺海周邊活動。國軍運用任務機、艦及岸置飛彈系統嚴密監控與應處。
2025/1/3,國防部今日表示，迄0600時止，偵獲共機24架次（其中逾越海峽中線進入北部、西南及東部空域18架次）及共艦7艘，持續在臺海周邊活動。國軍運用任務機、艦及岸置飛彈系統嚴密監控與應處。
2025/1/2,國防部今日表示，迄0600時止，偵獲共機3架次(其中逾越海峽中線進入西南空域3架次）及共艦7艘，持續在臺海周邊活動。國軍運用任務機、艦及岸置飛彈糸統嚴密監控與應處。
2025/1/1,國防部今日表示，迄0600時止，偵獲共機2架次（其中逾越海峽中線進入西南空域1架）及共艦7艘，持續在臺海周邊活動。國軍運用任務機、艦及岸置飛彈系統嚴密監控與應處。
2024/12/31,國防部今日表示，迄0600時止，偵獲共機5架次（其中逾越海峽中線進入北部與西南空域３架次）及共艦6艘，持續在臺海周邊活動。國軍運用任務機、艦及岸置飛彈系統嚴密監控與應處。
2024/12/30,國防部今日表示，迄0600時止，偵獲共機23架次(其中逾越海峽中線進入北部、西南及東部空域16架次）及共艦6艘，持續在臺海周邊活動。國軍運用任務機、艦及岸置飛彈糸統嚴密監控與應處。
2024/12/29,國防部今日表示，迄0600時止，偵獲共機5架次（其中逾越海峽中線進入北部與西南空域3架）及共艦5艘，持續在臺海周邊活動。國軍運用任務機、艦及岸置飛彈系統嚴密監控與應處。
2024/12/28,國防部今日表示，迄0600時止，偵獲共機7架次（其中逾越海峽中線進入北部空域1架）及共艦5艘，持續在臺海周邊活動。國軍運用任務機、艦及岸置飛彈系統嚴密監控與應處。
2024/12/27,國防部今日表示，迄0600時止，偵獲共機5架次（其中逾越海峽中線及進入北部與西南空域5架次）及共艦5艘，持續在臺海周邊活動。國軍運用任務機、艦及岸置飛彈系統嚴密監控與應處。
2024/12/26,國防部今日表示，迄0600時止，偵獲共艦5艘，持續在臺海周邊活動。國軍運用任務機、艦及岸置飛彈系統嚴密監控與應處。上述期間未偵獲共機，故無提供航跡圖。
2024/12/25,國防部今日表示，迄0600時止，偵獲共機3架次（其中進入東部空域1架）及共艦6艘，持續在臺海周邊活動。國軍運用任務機、艦及岸置飛彈系統嚴密監控與應處。
2024/12/24,國防部今日表示，迄0600時止，偵獲共機8架次（其中逾越海峽中線及進入北部與西南空域6架次）及共艦5艘，持續在臺海周邊活動。國軍運用任務機、艦及岸置飛彈系統嚴密監控與應處。
2024/12/23,國防部今日表示，迄0600時止，偵獲共機2架次及共艦7艘，持續在臺海周邊活動。國軍運用任務機、艦及岸置飛彈系統嚴密監控與應處。
2024/12/22,國防部今日表示，迄0600時止，偵獲共機11架次（其中逾越海峽中線及進入西南與東南空域8架次）及共艦6艘，持續在臺海周邊活動。國軍運用任務機、艦及岸置飛彈系統嚴密監控與應處。
2024/12/21,國防部今日表示，迄0600時止，偵獲共機9架次（其中逾越海峽中線及進入北部、西南及東南空域6架次）及共艦5艘，持續在臺海周邊活動。國軍運用任務機、艦及岸置飛彈系統嚴密監控與應處。
2024/12/20,"迄0600時止,偵獲共機12架次(其中逾越海峽中線及進入西南空域5架次)及共艦5艘,持續在臺海周邊活動。 國軍運用任務機、艦及岸置飛彈系統嚴密監控與應處。"
2024/12/19,國防部今日表示，迄0600時止，偵獲共機10架次(其中逾越海峽中線進入西南與東南空域4架次）、共艦5艘次，持續在臺海周邊活動。國軍運用任務機、艦及岸置飛彈糸統嚴密監控與應處。
2024/12/18,國防部今日表示，迄0600時止，偵獲共機15架次（其中逾越海峽中線進入西南及東部空域2架次）及共艦9艘及公務船4艘，持續在臺海周邊活動。國軍運用任務機、艦及岸置飛彈系統嚴密監控與應處。
2024/12/17,國防部今日表示，迄0600時止，偵獲共機10架次（其中逾越海峽中線進入北部、中部及西南空域4架次）及共艦7艘，持續在臺海周邊活動。國軍運用任務機、艦及岸置飛彈系統嚴密監控與應處。
2024/12/16,國防部今日表示，迄0600時止，偵獲共機5架次（其中逾越海峽中線延伸線1架）及共艦6艘，持續在臺海周邊活動。國軍運用任務機丶艦及岸置飛彈糸統嚴䀄監控與應處。
2024/12/15,國防部今日表示，至上午6時止，偵獲共機4架次（其中逾越海峽中線2架次）及共艦6艘，持續在臺海周邊活動。國軍運用任務機、艦及岸置飛彈系統嚴密監控與應處。
2024/12/14,國防部今日表示，至上午6時止，偵獲共機17架次（其中逾越海峽中線及進入西南空域13架次）、共艦5艘，持續在臺海周邊活動。國軍運用任務機、艦及岸置飛彈系統嚴密監控與應處。
2024/12/13,國防部今日表示，至上午6時止，偵獲共機17架次（其中逾越海峽中線及進入西南空域13架次）及共艦5艘，持續在臺海周邊活動。國軍運用任務機、艦及岸置飛彈系統嚴密監控與應處。
2024/12/12,國防部今日表示，迄0600時止，偵獲共機34架次（其中逾越海峽中線進入北部、西南及東部空域22架次）及共艦16艘，持續在臺海周邊活動。國軍運用任務機、艦及岸置飛彈系統嚴密監控與應處。
2024/12/11,國防部今日表示，迄0600時止，偵獲共機53架次（其中谕越海峽中線進入北部、西南及東部空域23架次）、共艦11艘及公務船8艘，持續在臺海周邊活動。國軍運用任務機、艦及岸置飛彈系統嚴䀄監控與應處。
2024/12/10,國防部今日表示，迄0600時止，偵獲共機47架次（其中逾越海峽中線及進入西南部空域16架次）、共艦12艘及公務船9艘，持續在臺海周邊活動。國軍運用任務機、艦及岸置飛彈系統嚴密監控與應處。
2024/12/9,國防部今日表示，迄0600時止，偵獲共機10架次（其中逾越海峽中線及進入西南部空域6架次）、共艦7艘及公務船3艘，持續在臺海周邊活動。國軍運用任務機、艦及岸置飛彈系統嚴密監控與應處。
2024/12/8,國防部今日表示，迄0600時止，偵獲共機7架次（其中逾越海峽中線及進入西南部空域6架次）、共艦14艘及公務船3艘，持續在臺海周邊活動。國軍運用任務機、艦及岸置飛彈系統嚴密監控與應處。
2024/12/7,國防部今日表示，迄0600時止，偵獲共機15架次（其中逾越海峽中線及進入北部及西南空域11架次）、共艦8艘次及公務船4艘，持續在臺海周邊活動。國軍運用任務機、艦及岸置飛彈系統嚴密監控與應處。
2024/12/6,國防部今日表示，迄0600時止，偵獲共機16架次（其中逾越海峽中線及進入北部、西南及東部空域7架次）、共艦13艘及公務船2艘，持續在臺海周邊活動。國軍運用任務機、艦及岸置飛彈系統嚴密監控與應處。
2024/12/5,國防部今日表示，迄0600時止，迄0600時止，偵獲共機9架次（其中逾越海峽中線及進入西南部空域6架次）、共艦7艘及公務船2艘，持續在臺海周邊活動。國軍運用任務機、艦及岸置飛彈系統嚴密監控與應處。
2024/12/4,國防部今日表示，迄0600時止，偵獲共機15架次（其中進入西南部空域4架次）、共艦7艘及公務船1艘，持續在臺海周邊活動。國軍運用任務機、艦及岸置飛彈系統嚴密監控與應處。
2024/12/3,國防部今日表示，迄迄0600時止，偵獲共機16架次（其中逾越海峽中線進入北部、西南及東南部空域10架次）、共艦6艘及公務船3艘，持續在臺海周邊活動。國軍運用任務機、艦及岸置飛彈系統嚴密監控與應處。
2024/12/2,國防部今日表示，迄0600時止，偵獲共機15架次（其中逾越海峽中線進入西南及東部空域11架次）、共艦7艘及公務船2艘，持續在臺海周邊活動。國軍運用任務機、艦及岸置飛彈系統嚴密監控與應處。
2024/12/1,國防部今日表示，迄0600時止，偵獲共機9架次（其中逾越海峽中線進入北部及西南空域3架次）及共艦7艘及公務船1艘，持續在臺海周邊活動。國軍運用任務機、艦及岸置飛彈系統嚴密監控與應處。
2024/11/30,國防部今日表示，迄0600時止，偵獲共機18架次（其中逾越海峽中線進入西南空域7架次）、共艦7艘及公務船1艘，持續在臺海周邊活動。國軍運用任務機、艦及岸置飛彈系統嚴密監控與應處。
2024/11/29,"國防部今日表示，迄0600時止，偵獲共機33架次（其中逾越海峽中線進入北部、西南及東部空域21架次）及共艦8艘，持續在臺海周邊活動。國軍運用任務機、艦及岸置飛彈系統嚴密監控與應處。
　昨（28）日1252時偵獲空飄氣球1枚，位於基隆西方93浬，高度約1萬6,000呎，續向東飄行，並於1427時消失。"
2024/11/28,"國防部今日表示，迄0600時止，偵獲共機13架次（其中逾越海峽中線進入北部及西南空域9架次）及共艦7艘，持續在臺海周邊活動。國軍運用任務機、艦及岸置飛彈系統嚴密監控舆應處。
　昨（27）日1352時偵獲空飄氣球1枚，位於基隆西北方60浬，高度約1萬6,000呎，續向東飄行，並於1533時消失；1604時偵獲空飄氣球1枚，逾越海峽中線，位於基隆北方88浬，高度約1萬呎，續向東飄行，並於1722時消失。"
2024/11/27,國防部今日表示，迄0600時止，偵獲共機17架次（其中逾越海峽中線進入北部及西南空域10架次）及共艦7艘，持續在臺海周邊活動。國軍運用任務機、艦及岸置飛彈系統嚴密監控與應處。
2024/11/26,國防部今日表示，迄0600時止，偵獲共機5架次（其中逾越海峽中線及進入西南空域4架次）、共艦7艘及公務船1艘，持續在臺海周邊活動國軍運用任務機、艦及岸置飛彈系統嚴密監控與應處。
2024/11/25,"國防部今日表示，迄0600時止，偵獲共機12架次（其中逾越海峽中線進入西南空域8架次）、共艦7艘及公務船1艘，持續在臺海周邊活動。國軍運用任務機、艦及岸置飛彈系統嚴密監控與應處。
　昨（24）日1821時偵獲空飄氣球1枚，逾越海峽中線，位於基隆西北方60浬，高度約3萬3,000呎，續向東飄行，並於昨（24）日2015時消失。"
2024/11/24,國防部今日表示，迄0600時止，偵獲共機8架次（其中逾越海峽中線進入北部及西南空域4架次）、共艦7艘及公務船1艘，持續在臺海周邊活動。國軍運用任務機、艦及岸置飛彈系統嚴密監控與應處。
2024/11/23,國防部今日表示，迄0600時止，偵獲共機25架次（其中逾越海峽中線進入西南及東南空域13架次）及共艦7艘，持續在臺海周邊活動。國軍運用任務機、艦及岸置飛彈系統嚴密監控與應處。
2024/11/22,國防部今日表示，迄0600時止，偵獲共機20架次（其中逾越海峽中線進入西南及東南空域18架次）及共艦6艘，持續在臺海周邊活動。國軍運用任務機、艦及岸置飛彈系統嚴密監控與應處。
2024/11/21,國防部今日表示，迄0600時止，偵獲共機11架次（其中逾越海峽中線進入北部及西南空域9架次）及共艦8艘，持續在臺海周邊活動。國軍運用任務機、艦及岸置飛彈系統嚴密監控與應處。
2024/11/20,國防部今日表示，迄0600時止，偵獲共機14架次（其中谕越海峽中線進入北部、中部、西南及東南空域7架次）及共艦6艘，持續在臺海周邊活動。國軍運用任務機、艦及岸置𢝵彈系統嚴密監控與應處。
2024/11/19,國防部今日表示，迄0600時止，偵獲共機9架次（其中逾越海峽中線進入北部、中部及西南部空域3架次）及共艦5艘，持續在臺海周邊活動。國軍運用任務機、艦及岸置飛彈系統嚴密監控與應處。
2024/11/18,國防部今日表示，迄0600時止，偵獲共機6架次（其中谕越海峽中線進入西南及東部空域2架次）及共艦6艘，持續在臺海周邊活動。國軍運用任務機丶艦及岸置飛彈系統嚴密監控與應處。
2024/11/17,國防部今日表示，迄0600時止，偵獲共艦5艘，持續在臺海周邊活動。國軍運用任務機、艦及岸置飛彈系統嚴密監控與應處。上述期間未偵獲共機，故無提供航跡圖。
2024/11/16,國防部今日表示，迄0600時止，偵獲共機3架次及共艦3艘，持續在臺海周邊活動。國軍運用任務機、艦及岸置飛彈系統嚴密監控與應處。
2024/11/15,國防部今日表示，迄0600時止，偵獲共機8架次（其中逾越海峽中線進入北部及西南空域4架次）及共艦9艘及公務船1艘，持續在臺海周邊活動。國軍運用任務機、艦及岸置飛彈系統嚴密監控與應處。
2024/11/14,國防部今（14）日表示，迄0600時止，偵獲共機15架次（其中逾越海峽中線進入北部及西南空域9架次）及共艦9艘及公務船1艘，持續在臺海周邊活動。國軍運用任務機、艦及岸置飛彈系統嚴密監控與應處。
2024/11/13,迄0600時止，偵獲共機24架次（其中逾越海峽中線進入北部、中部、西南空域15架次）及共艦6艘，持續在臺海周邊活動。國軍運用任務機、艦及岸置飛彈系統嚴密監控與應處。
2024/11/12,國防部今日表示，迄0600時止，偵獲共機10架次（其中谕越海峽中線進入北、中部及西南空域8架次）、共艦5艘次，持續在臺海周邊活動。國軍運用任務機、艦及岸置飛彈系統嚴密監控與應處。
2024/11/11,國防部今日表示，迄0600時止，偵獲共機7架次（其中逾越海峽中線進入西南及束部空域2架次）及共艦5艘，持續在臺海周邊活動。國軍運用任務機、艦及岸置飛彈系統嚴密監控與應處。
2024/11/10,"迄0600時止,偵獲共機9架次(其中逾越海峽中線及進入北部、西南及東部空域6架次)、共艦5艘及公務船1艘,持續在臺海周邊活動。國軍運用任務機、艦及岸置飛彈系統嚴密監控與應處。"
2024/11/9,"迄0600時止,偵獲共機12架次(逾越海峽中線及其延伸線進入北部、中部及西南空域9架次)、共艦5艘次及公務船1艘, 持續在臺海周邊活動。國軍運用任務機、艦及岸置飛彈系統嚴密監控與應處。"
2024/11/8,國防部今日表示，迄0600時止，偵獲共機11架次（其中逾越海峽中線及進入北部、中部及西南空域7架次）及共艦5艘，持續在臺海周邊活動。國軍運用任務機、艦及岸置飛彈系統嚴密監控與應處。
2024/11/7,國防部今日表示，迄0600時止，偵獲共機13架次（其中逾越海峽中線及進入西南空域8架次）及共艦6艘次，持續在臺海周邊活動。國軍運用任務機、艦及岸置飛彈系統嚴密監控與應處。
2024/11/6,國防部今日表示，迄0600時止，偵獲共機12架次（逾越海峽中線及進入西南空域9架次）、共艦9艘，持續在臺海周邊活動。國軍運用任務機、艦及岸置飛彈系統嚴密監控與應處。
2024/11/5,國防部今日表示，迄0600時止，偵獲共機20架次（逾越海峽中線及其延伸線進入中部、西南及東南空域16架次）、共艦6艘，持續在臺海周邊活動。國軍運用任務機、艦及岸置飛彈系統嚴密監控與應處。
2024/11/4,國防部今日表示，迄0600時止，偵獲共機44架次（其中逾越海峽中線及進入西南及東南空域37架次）、共艦6艘次及公務船1艘，持續在臺海周邊活動。國軍運用任務機、艦及岸置飛彈系統嚴密監控與應處。
2024/11/3,"國防部今日表示，迄0600時止，偵獲共機27架次（逾越海峽中線及其延伸線進入北部、中部、東南及西南空域14架次）、共艦6艘及公務船3艘，持續在臺海周邊活動。國軍運用任務機、艦及岸置飛彈糸統嚴密監控與應處。
"
2024/11/2,國防部今日表示，迄0600時止，偵獲共機5架次（逾越海峽中線進入西南空域5架次）、共艦2艘，持續在臺海周邊活動。國軍運用任務機、艦及岸置飛彈系統嚴密監控與應處。
2024/11/1,國防部今日表示，迄0600時止，未偵獲共機、艦於臺海周邊活動；上述期間未偵獲共機，故無提供航跡圖。
2024/10/31,國防部今日表示，迄0600時止，偵獲共機8架次（其中進入西南空域4架次），在臺海周邊活動。國軍運用任務機及岸置飛彈系統嚴密監控與應處。
2024/10/30,國防部今日表示，迄0600時止，偵獲共機10架次(其中逾越海峽中線及進入西南空域5架次）、共艦7艘，持續在臺海周邊活動。國軍運用任務機、艦及岸置飛彈系統嚴密監控與應處。
2024/10/29,國防部今日表示，迄0600時止，迄0600時止，偵獲共機6架次(其中逾越海峽中線進入北部及西南空域4架次）、共艦9艘，持續在臺海周邊活動。國軍運用任務機、艦及岸置飛彈系統嚴密監控與應處。
2024/10/28,國防部今日表示，迄0600時止，偵獲共機22架次(其中逾越海峽中線及其延伸線，進入北部、中部、西南及東部空域17架次）、共艦7艘，持續在臺海周邊活動。國軍運用任務機、艦及岸置飛彈系統嚴密監控與應處。
2024/10/27,國防部表示，迄0600時止，偵獲共機8架次（其中逾越海峽中線進入西南空域6架次）及共艦7艘，持續在臺海周邊活動。國軍運用任務機、艦及岸置飛彈系統嚴密監控與應處。
2024/10/26,"國防部今日表示，迄0600時止，偵獲共機22架次（其中逾越海峽中線進入北部及西南空域16架次)及共艦5艘，持續在臺海周邊活動。國軍運用任務機、艦及岸置飛彈系統嚴密監控與應處。
"
2024/10/25,國防部今日表示，迄0600時止，偵獲共機4架次(其中逾越海峽中線2架次）及共艦4艘次，持續在臺海周邊活動。國軍運用任務機、艦及岸置飛彈系統嚴密監控與應處。
2024/10/24,"國防部表示，迄0600時止，偵獲共機12架次（其中逾越海峽中線及其延伸線進入北部及西南空域5架次）及共艦5艘次，持續在臺海周邊活動。國軍運用任務機、艦及岸置𢝵彈系統嚴密監控與應處。
"
2024/10/23,國防部表示，迄0600時止，偵獲共機15架次（其中逾越海峽中線進入中部、東南及西南空域11架次）、共艦6艘，持續在臺海周邊活動。國軍運用任務機、艦及岸置飛彈系統嚴密監控與應處。
2024/10/22,迄0600時止，偵獲共機17架次（其中逾越海峽中線進入北部、中部及西南空域 11架次）、共艦9艘，持續在臺海周邊活動。國軍運用任務機、艦及岸置飛彈系統嚴密監控與應處。
2024/10/21,迄0600時止，偵獲共機14架次（其中逾越海峽中線進入西南空域 7架次）、共艦12艘，持續在臺海周邊活動。國軍運用任務機、艦及岸置飛彈系統嚴密監控與應處。
2024/10/20,迄0600時止，偵獲共機6架次（其中逾越海峽中線進入西南空域 2架次）、共艦7艘，持續在臺海周邊活動。國軍運用任務機、艦及岸置飛彈系統嚴密監控與應處。
2024/10/19,國防部今日表示，迄0600時止，偵獲共機10架次、共艦6艘，持續在臺海周邊活動。國軍運用任務機、艦及岸置飛彈系統嚴密監控與應處。
2024/10/18,國防部今日表示，迄0600時止，偵獲共機19架次(其中逾越海峽中線進入北部、中部及西南空域15架次）、共艦6艘次，持續在臺海周邊活動。國軍運用任務機、艦及岸置飛彈系統嚴密監控與應處。
2024/10/17,國防部今日表示，迄0600時止，偵獲共機20架次(逾越海峽中線進入中部及西南空域20架次）、共艦8艘，持續在臺海周邊活動。國軍運用任務機、艦及岸置飛彈糸統嚴密監控與應處。
2024/10/16,國防部今日表示，迄0600時止，偵獲共機22架次(其中逾越海峽中線及進入北部及西南空域13架次）、共艦5艘，持續在臺海周邊活動。國軍運用任務機、艦及岸置飛彈系統嚴密監控與應處。
2024/10/15,國防部今日表示，迄0600時止，偵獲共機153架次(其中逾越海峽中線進入西部、西南及東部空域111架次）、共艦14艘及公務船12艘，持續在臺海周邊活動。國軍運用任務機、艦及岸置飛彈系統嚴密監控與應處。
2024/10/14,國防部今日表示，迄0800時止，偵獲共機25架次（其中逾越海峽中線進入西南及東部空域16架次）、共艦7艘次及公務船4艘，持續在臺海周邊活動。國軍運用任務機、艦及岸置飛彈系統嚴密監控與應處。
2024/10/13,國防部今日表示，迄0600時止，偵獲共機11架次（其中逾越海峽中線進入北部、西南及東部空域9架次）、共艦8艘次及公務船1艘，持續在臺海周邊活動。國軍運用任務機、艦及岸置飛彈系統嚴密監控與應處。
2024/10/12,國防部今日表示，迄0600時止，偵獲共機24架次(其中逾越海峽中線進入中部、西南及東部空域22架次)及共艦10艘次，持續在臺海周邊活動。國軍運用任務機、艦及岸置飛彈系統嚴密監控與應處。
2024/10/11,國防部今日表示，迄0600時止，偵獲共機20架次（其中逾越海峽中線及其延伸線進入北部及西南空域13架次）及共艦10艘次，持續在臺海周邊活動。國軍運用任務機、艦及岸置飛彈系統嚴密監控與應處。
2024/10/10, 國防部今日表示，迄0600時止，偵獲共機27架次（其中逾越海峽中線及其延伸線，進入北、中部及西南空域15架次）、共艦9艘次及公務船5艘，持續在臺海周邊活動。國軍運用任務機、艦及岸置飛彈系統嚴密監控與應處。
2024/10/9,國防部今日表示，迄0600時止，偵獲共機12架次（逾越海峽中線進入北部、中部、西南及東部空域9架次）、共艦8艘次及公務船1艘次，持續在臺海周邊活動。國軍運用任務機、艦及岸置飛彈系統嚴密監控與應處。
2024/10/8,國防部今日表示，迄0600時止，偵獲共機12架次（其中逾越海峽中線及其延伸線進入西南空域8架次）及共艦7艘次，持續在臺海周邊活動。國軍運用任務機、艦及岸置飛彈系統嚴密監控與應處。
2024/10/7,國防部今日表示，迄0600時止，偵獲共機27架次（其中逾越中線及其延伸線，進入北、中部及西南空域19架次）、共艦6艘次，持續在臺海周邊活動。國軍運用任務機、艦及岸置飛彈系統嚴密監控與應處。
2024/10/6,國防部今日表示，迄0600時止，偵獲共機4架次（逾越海峽中線進入西南空域2架次）及共艦6艘次，持續在臺海周邊活動。國軍運用任務機、艦及岸置飛彈系統嚴密監控與應處。
2024/10/5,國防部今日表示，迄0600時止，偵獲共機13架次（逾越海峽中線及進入西南空域8架次）及共艦3艘次，持續在臺海周邊活動。國軍運用任務機、艦及岸置飛彈系統嚴密監控與應處。
2024/10/4,國防部今日表示，迄0600時止，末偵獲共機、艦於臺海周邊活動，故無提供航跡圖。
2024/10/3,"迄0600時止,未偵獲共機、艦於臺海周邊活動。"
2024/10/2,"迄0600時止,未偵獲共機、艦於臺海周邊活動。。"
2024/10/1,國防部今日表示，迄0600時止，偵獲共機8架次（逾越海峽中線及進入西南空域4架次）、共艦2艘次，持續在臺海周邊活動。國軍運用任務機、艦及岸置飛彈系統嚴密監控與應處。
2024/9/30,國防部今日表示，迄0600時止，偵獲共機9架次（逾越海峽中線進入西南空域8架次）、共艦4艘次，持續在臺海周邊活動。國軍運用任務機、艦及岸置飛彈系統嚴密監控與應處。
2024/9/29,"迄0600時止,偵獲共機8架次(逾越海峽中線進入北部及西部空域6架次)、共艦7艘次,持續在臺海周邊活動。國軍運用任務機、艦及岸置飛彈系統嚴密監控與應處。"
2024/9/28,國防部今日表示，迄0600時止，偵獲共機15架次（逾越海峽中線進入西南及東南空域10架次）、共艦7艘次，持續在臺海周邊活動。國軍運用任務機、艦及岸置飛彈系統嚴密監控與應處。
2024/9/27,國防部今日表示，迄0600時止，偵獲共機41架次（逾越海峽中線進入北部、中部、西南及東部空域32架次）、共艦6艘次，持續在臺海周邊活動。國軍運用任務機、艦及岸置飛彈系統嚴密監控與應處。
2024/9/26,國防部今日表示，迄0600時止，偵獲共機43架次（逾越海峽中線進入西南及東部空域34架次）、共艦8艘次，持續在臺海周邊活動。國軍運用任務機、艦及岸置飛彈系統嚴密監控與應處。
2024/9/25,國防部今日表示，迄0600時止，偵獲共機2架次（逾越海峽中線及進入東部空域2架）、共艦6艘次，持續在臺海周邊活動。國軍運用任務機、艦及岸置飛彈系統嚴密監控與應處。
2024/9/24,國防部今日表示，迄0600時止，偵獲共艦6艘次持續在臺海周邊活動。國軍運用任務機、艦及岸置飛彈系統嚴密監控與應處。上述期間末偵獲共機，故無提供航跡圖。
2024/9/23,國防部今日表示，迄0600時止，偵獲共艦8艘次持續在臺海周邊活動。國軍運用任務機、艦及岸置飛彈系統嚴密監控與應處。上述期間未偵獲共機，故無提供航跡圖。
2024/9/22,　國防部今日表示，迄0600時止，偵獲共機6架次（其中逾越海峽中線進入中部空域3架次）、共艦6艘次，持續在臺海周邊活動。國軍運用任務機、艦及岸置飛彈糸統嚴密監控與應處。
2024/9/21,國防部今日表示，迄0600時止，偵獲共機7架次（其中逾越海峽中線進入北部及中部空域5架次）、共艦6艘次，持續在臺海周邊活動。國軍運用任務機、艦及岸置飛彈系統嚴密監控與應處。
2024/9/20,國防部今日表示，迄0600時止，偵獲共機28架次（其中逾越海峽中線進入北部、中部及西南空域26架次）、共艦9艘次，持續在臺海周邊活動。國軍運用任務機、艦及岸置飛彈系統嚴密監控與應處。
2024/9/19,國防部今日表示，迄0600時止，偵獲共機20架次（其中逾越海峽中線進入北部、中部及西南空域15架次）、共艦10艘次，持續在臺海周邊活動。國軍運用任務機、艦及岸置飛彈系統嚴密監控與應處。
2024/9/18,國防部今日表示，迄0600時止，偵獲共機9架次（其中逾越海峽中線6架次）、共艦13艘次及公務船1艘次，持續在臺海周邊活動。國軍運用任務機、艦及岸置飛彈系統嚴密監控與應處。
2024/9/17,國防部今日表示，迄0600時止，偵獲共機8架次（其中逾越海峽中線4架次）、共艦7艘次及公務船2艘次，持續在臺海周邊活動。國軍運用任務機、艦及岸置飛彈糸統嚴密監控與應處。
2024/9/16,國防部今日表示，迄0600時止，偵獲共機6架次、共艦6艘次及公務船1艘，持續在臺海周邊活動。國軍運用任務機、艦及岸置飛彈糸統嚴密監控與應處。
2024/9/15,國防部今日表示，迄0600時止，偵獲共機7架次（其中進入西南空域2架次）、共艦6艘次及公務船1艘，持續在臺海周邊活動。國軍運用任務機、艦及岸置飛彈系統嚴密監控與應處。
2024/9/14,國防部今日表示，迄0600時止，偵獲共機21架次（其中逾越海峽中線進入北部及西南空域17架）、共艦6艘次及公務船1艘，持續在臺海周邊活動。國軍運用任務機、艦及岸置飛彈系統嚴密監控與應處。
2024/9/13,國防部今日表示，迄0600時止，偵獲共機22架次（其中逾越海峽中線進入中部及西南空域18架）、共艦6艘次及公務船1艘，持續在臺海周邊活動。國軍運用任務機、艦及岸置飛彈系統嚴密監控與應處。
2024/9/12,國防部今日表示，迄0600時止，偵獲共機29架次（其中逾越海峽中線及進入北部、中部、西南空域20架次）、共艦8艘次及公務船1艘，持續在臺海周邊活動。國軍運用任務機、艦及岸置飛彈系統嚴密監控與應處。
2024/9/11,"國防部今日表示，迄0600時止，偵獲共機21架次（其中逾越海峽中線進入中部及西南空域13架）、共艦9艘次及公務船1艘，持續在臺海周邊活動。國軍運用任務機、艦及岸置飛彈系統嚴密監
控與應處。"
2024/9/10,國防部今日表示，迄0600時止，偵獲共機17架次（其中逾越海峽中線進入北部、中部及西南空域12架）、共艦7艘次及公務船1艘，持續在臺海周邊活動。國軍運用任務機、艦及岸置飛彈系統嚴密監控與應處。
2024/9/9,國防部今日表示，迄0600時止，偵獲共機21架次(其中逾越海峽中線及進入北部、中部、西南及東部空域16架次）、共艦7艘次及公務船1艘，持續在臺海周邊活動。國軍運用任務機、艦及岸置飛彈糸統嚴密監控與應處。
2024/9/8,國防部今日表示，迄0600時止，偵獲共機7架次(其中逾越海峽中線及進入東部空域2架次）、共艦6艘次及公務船1艘，持續在臺海周邊活動。國軍運用任務機、艦及岸置飛彈糸統嚴密監控與應處。
2024/9/7,國防部今日表示，迄0600時止，偵獲共機9架次（其中逾越海峽中線1架）、共艦7艘次及公務船1艘，持續在臺海周邊活動。國軍運用任務機、艦及岸置飛彈系統嚴密監控與應處。
2024/9/6,國防部今日表示，迄0600時止，偵獲共機19架次（其中逾越海峽中線及進入東部空域15架次）、共艦7艘次及公務船2艘次，持續在臺海周邊活動。國軍運用任務機、艦及岸置飛彈系統嚴密監控與應處。
2024/9/5,國防部今日表示，迄0600時止，偵獲共機14架次（其中逾越海峽中線進入北部、西南及東部空域13架次）、共艦7艘次及公務船2艘，持續在臺海周邊活動。國軍運用任務機、艦及岸置飛彈系統嚴密監控與應處。
2024/9/4,國防部今日表示，迄0600時止，偵獲共機13架次（其中逾越海峽中線進入西南及東部空域7架次）、共艦8艘次及公務船2艘，持續在臺海周邊活動。國軍運用任務機、艦及岸置飛彈系統嚴密監控與應處。
2024/9/3,國防部今日表示，迄0600時止，偵獲共機19架次(其中逾越海峽中線進入北部、中部、西南及東部空域16架次）、共艦8艘次及公務船1艘，持續在臺海周邊活動。國軍運用任務機、艦及岸置飛彈糸統嚴密監控與應處。
2024/9/2,國防部今日表示，迄0600時止，偵獲共機18架次(其中逾越海峽中線進入北部、中部、西南及東部空域15架次）、共艦8艘次及公務船2艘，持續在臺海周邊活動。國軍運用任務機、艦及岸置飛彈糸統嚴密監控與應處。
2024/9/1,國防部今日表示，迄0600時止，偵獲共機10架次（其中逾越海峽中線及進入北部、中部、西南及東部空域6架次）、共艦7艘次及公務船2艘次，持續在臺海周邊活動。國軍運用任務機、艦及岸置飛彈系統嚴密監控與應處。
2024/8/31,國防部今日表示，迄0600時止，偵獲共機30架次（其中逾越海峽中線及進入北部、中部、西南及東部空域20架次）、共艦7艘次及公務船4艘次，持續在臺海周邊活動。國軍運用任務機、艦及岸置飛彈系統嚴密監控與應處。
2024/8/30,國防部今日表示，迄0600時止，偵獲共機25架次（其中逾越海峽中線及進入北部、中部、西南及東南空域17架次）、共艦7艘次及公務船2艘次，持續在臺海周邊活動。國軍運用任務機、艦及岸置飛彈系統嚴密監控與應處。
2024/8/29,國防部今日表示，迄0600時止，偵獲共機13架次(其中逾越海峽中線及進入西南空域10架次）、共艦8艘次及公務船2艘，持續在臺海周邊活動。國軍運用任務機、艦及岸置飛彈系統嚴密監控與應處。
2024/8/28,國防部今日表示，迄0600時止，偵獲共機30架次(其中逾越海峽中線進入西南及東部空域27架次）、共艦7艘次及公務船1艘，持續在臺海周邊活動。國軍運用任務機、艦及岸置飛彈系統嚴密監控與應處。
2024/8/27,國防部今日表示，迄0600時止，偵獲共機15架次(其中逾越海峽中線進入北部、中部、西南及東部空域9架次）、共艦7艘次及公務船3艘，持續在臺海周邊活動。國軍運用任務機、艦及岸置飛彈糸統嚴密監控與應處。
2024/8/26,國防部今日表示，迄0600時止，偵獲共機12架次(其中逾越海峽中線進入中部、西南及東部空域6架次）、共艦6艘次及公務船5艘，持續在臺海周邊活動。國軍運用任務機、艦及岸置飛彈系統嚴密監控與應處。
2024/8/25,國防部今日表示，迄0600時止，偵獲共機12架次(其中谕越海峽中線及其延伸線，進入西南空域7架次）、共艦8艘次及公務船4艘，持續在臺海周邊活動。國軍運用任務機、艦及岸置飛彈系統嚴密監控與應處。
2024/8/24,國防部今日表示，迄0600時止，偵獲共機38架次（其中逾越海峽中線及其延伸線，進入北部、中部、西南、東南及東部空域32架次）、共艦12艘次，持續在臺海周邊活動。國軍運用任務機、艦及岸置飛彈系統嚴密監控與應處。
2024/8/23,國防部今日表示，迄0600時止，偵獲共機41架次（其中逾越海峽中線進入北部、西南及東部空域32架次）、共艦7艘次，持續在臺海周邊活動。國軍運用任務機、艦及岸置飛彈系統嚴密監控與應處。
2024/8/22,國防部今日表示，迄0600時止，偵獲共機8架次（其中進入西南及東部空域3架次）、共艦6艘次，持續在臺海周邊活動。國軍運用任務機、艦及岸置飛彈系統嚴密監控與應處。
2024/8/21,國防部今日表示，迄0600時止，偵獲共機11架次（其中逾越海峽中線進入北部及東部空域7架次）、共艦8艘，持續在臺海周邊活動。國軍運用任務機、艦及岸置飛彈系統嚴密監控與應處。
2024/8/20,國防部今日表示，迄0600時止，偵獲共機5架次(其中逾越海峽中線進入北部空域1架次）、共艦11艘次，持續在臺海周邊活動。國軍運用任務機、艦及岸置飛彈系統嚴密監控與應處。
2024/8/19,國防部今日表示，迄0600時止，偵獲共機8架次（其中逾越海峽中線及進入東部空域4架次）、共艦9艘次，持續在臺海周邊活動。國軍運用任務機、艦及岸置飛彈系統嚴密監控與應處。
2024/8/18,國防部今日表示，迄0600時止，偵獲共機7架次(其中逾越海峽中線進入北部及東南部空域3架次）、共艦15艘次，持續在臺海周邊活動。國軍運用任務機、艦及岸置飛彈系統嚴密監控與應處。
2024/8/17,國防部今日表示，迄0600時止，偵獲共機13架次（其中逾越海峽中線進入北部、西南及東部空域12架次）、共艦7艘次及，持續在臺海周邊活動。國軍運用任務機、艦及岸置飛彈系統嚴密監控與應處。
2024/8/16,國防部今日表示，迄0600時止，偵獲共機13架次（其中逾越海峽中線及進入北部、中部、西南、東部空域11架次）、共艦10艘次，持續在臺海周邊活動。國軍運用任務機、艦及岸置飛彈系統嚴密監控與應處。
2024/8/15,國防部今日表示，迄0600時止，偵獲共機6架次（其中逾越海峽中線進入西南空域6架次）、共艦11艘次，持續在臺海周邊活動。國軍運用任務機、艦及岸置飛彈系統嚴密監控與應處。
2024/8/14,國防部今日表示，迄0600時止，偵獲共機27架次（其中逾越海峽中線進入北部、中部、西南及東部空域19架次）、共艦12艘次，持續在臺海周邊活動。國軍運用任務機、艦及岸置飛彈系統嚴密監控與應處。
2024/8/13,國防部今日表示，迄0600時止，偵獲共機15架次（其中逾越海峽中線進入西南及東部空域11架次）、共艦11艘次，持續在臺海周邊活動。國軍運用任務機、艦及岸置飛彈系統嚴密監控與應處。
2024/8/12,國防部今日表示，迄0600時止，偵獲共機9架次（其中逾越海峽中線3架次）、共艦9艘，持續在臺海周邊活動。國軍運用任務機、艦及岸置飛彈系統嚴密監控與應處。
2024/8/11,國防部今日表示，迄0600時止，偵獲共機8架次（其中逾越海峽中線進入西南空域3架次）、共艦8艘次，持續在臺海周邊活動。國軍運用任務機、艦及岸置飛彈系統嚴密監控與應處。
2024/8/10,國防部今日表示，迄0600時止，偵獲共機28架次（其中逾越海峽中線進入西南及東部空域22架次）、共艦10艘次，持續在臺海周邊活動。國軍運用任務機、艦及岸置飛彈系統嚴密監控與應處。
2024/8/9,國防部今日表示，迄0600時止，偵獲共機18架次（其中逾越海峽中線及進入西南、東南空域12架次）、共艦9艘次，持續在臺海周邊活動。國軍運用任務機、艦及岸置飛彈系統嚴密監控與應處。
2024/8/8,國防部今日表示，迄0600時止，偵獲共機27架次（其中逾越海峽中線及進入西南部空域17架次）、共艦8艘次，持續在臺海周邊活動。國軍運用任務機、艦及岸置飛彈系統嚴密監控與應處。
2024/8/7,國防部今日表示，迄0600時止，偵獲共機36架次（其中途越海峽中線及進入北部、中部、西南、東部空域31架次）、共艦8艘次，持續在臺海周邊活動。國軍運用任務機、艦及岸置飛彈系統嚴密監控與應處。
2024/8/6,國防部今日表示，迄0600時止，偵獲共機12架次（其中逾越海峽中線及進入西南、東部空域6架次）、共艦9艘次，持續在臺海周邊活動。國軍運用任務機、艦及岸置飛彈系統嚴密監控與應處。
2024/8/5,國防部今日表示，迄0600時止，偵獲共機9架次(其中逾越海峽中線及進入東部空域6架次）、共艦9艘次，持續在臺海周邊活動。國軍運用任務機、艦及岸置飛彈系統嚴密監控與應處。
2024/8/4,國防部今日表示，迄0600時止，偵獲共機36架次(其中逾越海峽中線及其延伸線，進入北部、中部、西南、東南及東部空域31架次）、共艦12艘次，持續在臺海周邊活動。國軍運用任務機、艦及岸置飛彈系統嚴密監控與應處。
2024/8/3,國防部今日表示，迄0600時止，偵獲共機18架次（其中逾越海峽中線進入西南及東部空域11架次）、共艦13艘次，持續在臺海周邊活動。國軍運用任務機、艦及岸置飛彈系統嚴密監控與應處。
2024/8/2,國防部今日表示，迄0600時止，偵獲共機17架次（其中逾越海峽中線進入西南空域14架次）、共艦11艘次，持續在臺海周邊活動。國軍運用任務機、艦及岸置飛彈系統嚴密監控與應處。
2024/8/1,國防部今日表示，迄0600時止，偵獲共機29架次（其中逾越海峽中線進入西南及東南部空域13架次）、共艦10艘次，持續在臺海周邊活動。國軍運用任務機、艦及岸置飛彈系統嚴密監控與應處。
2024/7/31,國防部今日表示，迄0600時止，偵獲共機25架次(其中途越海峽中線進入北部、中部、西南及東部空域20架次）、共艦10艘次，持續在臺海周邊活動。國軍運用任務機、艦及岸置飛彈系統嚴䀄監控與應處。
2024/7/30,國防部今日表示，迄0600時止，偵獲共機14架次（其中逾越海峽中線進入北部及中部空域7架次）、共艦9艘次，持續在臺海周邊活動。國軍運用任務機、艦及岸置飛彈系統嚴密監控與應處。
2024/7/29,國防部今日表示，迄0600時止，偵獲共機18架次(其中逾越海峽中線進入北部、中部、西南及東部空域13架次）、共艦14艘次，持續在臺海周邊活動。國軍運用任務機、艦及岸置飛彈系統嚴䀄監控與應處。
2024/7/28,國防部今日表示，迄0600時止，偵獲共艦9艘次，持續在臺海周邊活動。國軍運用任務艦及岸置飛彈糸統嚴密監控與應處。上述期間未偵獲共機，故無提供航跡圖。
2024/7/27,國防部今日表示，迄0600時止，偵獲共艦4艘次，持續在臺海周邊活動。國軍運用任務艦及岸置飛彈系統嚴密監控與應處。上述期間未偵獲共機，故無提供航跡圖。
2024/7/26,國防部今日表示，迄0600時止，未偵獲共機、艦於臺海周邊活動；上述期間未偵獲共機，故無提供航跡圖。
2024/7/25,國防部今日表示，迄0600時止，共艦3艘次，持續在臺海周邊活動。國軍運用任務艦及岸置飛彈系統嚴密監控與應處；上述期間共機無逾越海峽中線及西南空域，故無提供航跡圖。
2024/7/24,國防部今日表示，迄0600時止，偵獲共機22架次(其中谕越海峽中線及進入西南空域12架次）、共艦9艘次及公務船1艘，持續在臺海周邊活動。國軍運用任務機、艦及岸置飛彈系統嚴密監控與應處。
2024/7/23,國防部今日表示，迄0600時止，偵獲共機18架次(其中谕越海峽中線及進入西南空域6架次）、共艦8艘次，持續在臺海周邊活動。國軍運用任務機、艦及岸置飛彈系統嚴密監控與應處。
2024/7/22,國防部今日表示，迄0600時止，偵獲共機12架次(其中谕越海峽中線及進入西南空域5架次）、共艦7艘次及公務船1艘，持續在臺海周邊活動。國軍運用任務機、艦及岸置飛彈系統嚴密監控與應處。
2024/7/21,國防部今日表示，迄0600時止，偵獲共機22架次(其中途越海峽中線及進入北部、西南及東部空域15架次）、共艦8艘次及公務船1艘，持續在臺海周邊活動。國軍運用任務機、艦及岸置飛彈系統嚴密監控與應處。
2024/7/20,國防部今日表示，迄0600時止，偵獲共機22架次（其中逾越海峽中線及進入北部、西南、東部空域17架次）、共艦7艘次，持續在臺海周邊活動。國軍運用任務機、艦及岸置飛彈系統嚴密監控與應處。
2024/7/19,國防部今日表示，迄0600時止，偵獲共機17架次（其中逾越海峽中線及進入北部、西南、東部空域12架次）、共艦9艘次及公務船1艘，持續在臺海周邊活動。國軍運用任務機、艦及岸置飛彈系統嚴密監控與應處。
2024/7/18,國防部今日表示，迄0600時止，偵獲共機20架次(其中逾越海峽中線及進入北部、西南、東部空域10架次）、共艦6艘次，持續在臺海周邊活動。國軍運用任務機、艦及岸置飛彈系統嚴密監控興應處。
2024/7/17,國防部今日表示，迄0600時止，偵獲共機20架次（其中逾越海峽中線進入北部、中部、西南及東部空域13架次）、共艦6艘次，持續在臺海周邊活動。國軍運用任務機、艦及岸置飛彈系統嚴密監控與應處。
2024/7/16,國防部今日表示，迄0600時止，偵獲共機18架次（其中逾越海峽中線、進入東部及西南空域8架次）、共艦6艘次及公務船1艘，持續在臺海周邊活動。國軍運用任務機、艦及岸置飛彈系統嚴密監控與應處。
2024/7/15,國防部今日表示，迄0600時止，偵獲共機10架次（其中逾越海峽中線及進入西南、東南部空域8架次）、共艦6艘次，持續在臺海周邊活動。國軍運用任務機、艦及岸置飛彈系統嚴密監控與應處。
2024/7/14,國防部今日表示，迄0600時止，偵獲共機16架次(其中谕越海峽中線進入西南及東南部空域14架次）、共艦9艘次，持續在臺海周邊活動。國軍運用任務機、艦及岸置飛彈系統嚴密監控與應處。
2024/7/13,國防部今日表示，迄0600時止，偵獲共機30架次（其中逾越海峽中線進入西南及東部空域20架次）、共艦7艘次，持續在臺海周邊活動。國軍運用任務機、艦及岸置飛彈系統嚴密監控與應處。
2024/7/12,國防部今日表示，迄0600時止，偵獲共機18架次（其中逾越海峽中線進入北部、西南及東部空域14架次）、共艦8艘次，持續在臺海周邊活動。國軍運用任務機、艦及岸置飛彈系統嚴密監控與應處。
2024/7/11,國防部今日表示，迄0600時止，偵獲共機66架次(其中逾越海峽中線進入北部、西南及東南空域56架次）、共艦7艘次，持續在臺海周邊活動。國軍運用任務機、艦及岸置飛彈系統嚴密監控與應處。
2024/7/10,國防部今日表示，迄0600時止，偵獲共機35架次(其中谕越海峽中線進入西南及東南空域26架次）、共艦8艘次，持續在臺海周邊活動。國軍運用任務機、艦及岸置飛彈系統嚴密監控與應處。
2024/7/9,國防部今日表示，迄0600時止，偵獲共機15架次(其中谕越海峽中線進入北部及西南空域14架次）、共艦9艘次，持續在臺海周邊活動。國軍運用任務機、艦及岸置飛彈系統嚴密監控與應處。
2024/7/8,國防部今日表示，迄0600時止，偵獲共機14架次(其中逾越海峽中線進入中部、西南及東南空域13架次）、共艦7艘次，持續在臺海周邊活動。國軍運用任務機、艦及岸置飛彈系統嚴密監控與應處。
2024/7/7,國防部今日表示，迄0600時止，偵獲共機15架次(其中逾越海峽中線進入中部、西南及東南空域14次）、共艦10艘次，持續在臺海周邊活動。國軍運用任務機、艦及岸置飛彈系統嚴密監控與應處。
2024/7/6,國防部今日表示，迄0600時止，偵獲共機30架次（其中逾越海峽中線進入北部、中部、西南及東南空域23架次）、共艦9艘次，持續在臺海周邊活動。國軍運用任務機、艦及岸置飛彈系統嚴密監控與應處。
2024/7/5,國防部今日表示，迄0600時止，偵獲共機36架次（其中逾越海峽中線進入北部、中部、西南及東南空域35架次）、共艦6艘次，持續在臺海周邊活動。國軍運用任務機、艦及岸置飛彈系統嚴密監控與應處。
2024/7/4,"迄0600時止,偵獲共機30架次(其中逾越海峽中線進入北部、 中部、西南及東南空域19架次)、共艦8艘次,持續在臺海周邊活動。國軍運用任務機、艦及岸置飛彈系統嚴密監控與應處。"
2024/7/3,國防部今日表示，迄0600時止，偵獲共機22架次(其中逾越海峽中線進入北部、中部、西南及東南空域20架次）、共艦6艘次，持續在臺海周邊活動。國軍運用任務機、艦及岸置飛彈系統嚴密監控與應處。
2024/7/2,國防部今日表示，迄0600時止，偵獲共機13架次（其中逾越海峽中線進入北部、中部、西南及東南空域10架次）、共艦6艘次，持續在臺海周邊活動。國軍運用任務機、艦及岸置飛彈系統嚴密監控與應處。
2024/7/1,國防部今日表示，迄0600時止，偵獲共機6架次(其中進入西南及東南部空域直升機2架次）、共艦7艘次，持續在臺海周邊活動。國軍運用任務機、艦及岸置𢝵彈系統嚴密監控與應處。
2024/6/30,國防部今日表示，迄0600時止，偵獲共機5架次(逾越海峽中線進入北部、中部、西南及東南部空域5架次）、共艦7艘次，持續在臺海周邊活動。國軍運用任務機、艦及岸置飛彈系統嚴密監控與應處。
2024/6/29,國防部今日表示，迄0600時止，偵獲共機23架次（其中逾越海峽中線進入北部、中部、西南及東部空域20架次）、共艦5艘次及，持續在臺海周邊活動。國軍運用任務機、艦及岸置飛彈系統嚴密監控與應處。
2024/6/28,國防部今日表示，迄0600時止，偵獲共機18架次（其中逾越海峽中線進入北部及西南空域17架次）、共艦6艘次，持續在臺海周邊活動。國軍運用任務機、艦及岸置飛彈系統嚴密監控與應處。
2024/6/27,國防部今日表示，迄0600時止，偵獲共機35架次（其中逾越海峽中線進入北部、中部、西南及東部空域33架次）、共艦7艘次，持續在臺海周邊活動。國軍運用任務機、艦及岸置飛彈系統嚴密監控與應處。
2024/6/26,國防部今日表示，迄0600時止，偵獲共機18架次（其中逾越海峽中線、進入東部及西南空域5架次）、共艦6艘次，持續在臺海周邊活動。國軍運用任務機、艦及岸置飛彈系統嚴密監控與應處。
2024/6/25,國防部今日表示，迄0600時止，偵獲共機17架次（逾越海峽中線及進入西南空域10架次）、共艦8艘次，持續在臺海周邊活動。國軍運用任務機、艦及岸置飛彈系統嚴密監控與應處。
2024/6/24,國防部今日表示，迄0600時止，偵獲共機23架次(逾越海峽中線進入北部、西南及東部空域19架次）、共艦7艘次，持續在臺海周邊活動。國軍運用任務機、艦及岸置飛彈系統嚴密監控與應處。
2024/6/23,國防部今日表示，迄0600時止，偵獲共機15架次(逾越海峽中線進入北部及西南空域8架次）、共艦6艘次，持續在臺海周邊活動。國軍運用任務機、艦及岸置飛彈系統嚴密監控與應處。
2024/6/22,國防部今日表示，迄0600時止，偵獲共機41架次（其中逾越海峽中線及其延伸線進入北部、西南及東部空域32架次）、共艦7艘次，持續在臺海周邊活動。國軍運用任務機、艦及岸置飛彈系統嚴密監控與應處。
2024/6/21,國防部今日表示，迄0600時止，偵獲共機36架次（其中逾越海峽中線進入西南及東部空域34架次）、共艦7艘次，持續在臺海周邊活動。國軍運用任務機、艦及岸置飛彈系統嚴密監控與應處。
2024/6/20,國防部今日表示，迄0600時止，偵獲共機11架次（逾越海峽中線進入北部、西南及東南空域8架次）、共艦8艘次，持續在臺海周邊活動。國軍運用任務機、艦及岸置飛彈系統嚴密監控與應處。
2024/6/19,國防部今日表示，迄0600時止，偵獲共機18架次(逾越海峽中線進入西南及東南空域12架次）、共艦6艘次，持續在臺海周邊活動。國軍運用任務機、艦及岸置飛彈系統嚴密監控與應處。
2024/6/18,國防部今日表示，迄0600時止，偵獲共機20架次（逾越海峽中線進入西南及東南空域12架次）、共艦7艘次，持續在臺海周邊活動。國軍運用任務機、艦及岸置飛彈系統嚴密監控與應處。
2024/6/17,國防部今日表示，迄0600時止，偵獲共機2架次(逾越海峽中線進入西南空域2架次）、共艦10艘次，持續在臺海周邊活動。國軍運用任務機、艦及岸置飛彈系統嚴密監控與應處。
2024/6/16,國防部今日表示，迄0600時止，偵獲共機6架次(其中逾越海峽中線進入北部及西南空域4架次）、共艦7艘次，持續在臺海周邊活動。國軍運用任務機、艦及岸置飛彈系統嚴密監控與應處。
2024/6/15,國防部今日表示，迄0600時止，偵獲共機12架次（其中進入西南空域7架次）、共艦8艘次，持續在臺海周邊活動。國軍運用任務機、艦及岸置飛彈系統嚴密監控與應處。
2024/6/14,國防部今日表示，迄0600時止，偵獲共機8架次（其中進入西南空域3架次）、共艦8艘次，持續在臺海周邊活動。國軍運用任務機、艦及岸置飛彈系統嚴密監控與應處。
2024/6/13,國防部今日表示，迄0600時止，偵獲共機23架次（其中逾越海峽中線、進入東部及西南空域19架次）、共艦7艘次，持續在臺海周邊活動。國軍運用任務機、艦及岸置飛彈系統嚴密監控與應處。
2024/6/12,國防部今日表示，迄0600時止，偵獲共機13架次（其中逾越海峽中線進入西南及東南空域9架次）、共艦9艘次，持續在臺海周邊活動。國軍運用任務機、艦及岸置飛彈系統嚴密監控與應處。
2024/6/11,國防部今日表示，迄0600時止，偵獲共機11架次（其中逾越海峽中線進入北部及西南空域7架次）、共艦8艘次，持續在臺海周邊活動。國軍運用任務機、艦及岸置飛彈系統嚴密監控與應處。
2024/6/10,國防部今日表示，迄0600時止，偵獲共機9架次（其中谕越海峽中線及進入北部空域5架次）、共艦7艘次，持續在臺海周邊活動。國軍運用任務機、艦及岸置飛彈系統嚴密監控舆應處。
2024/6/9,國防部今日表示，迄0600時止，偵獲共機9架次（其中逾越海峽中線、進入北部及西南空域5架次）、共艦7艘次，持續在臺海周邊活動。國軍運用任務機、艦及岸置飛彈系統嚴密監控與應處。
2024/6/8,國防部今日表示，迄0600時止，偵獲共機13架次(其中逾越海峽中線進入西南及東部空域6架次）、共艦5艘次及海警船4艘次，持續在臺海周邊活動。國軍運用任務機、艦及岸置飛彈系統嚴密監控與應處。
2024/6/7,國防部今日表示，迄0600時止，偵獲共機6架次（其中進入西南及東南空域2架次）、共艦6艘次及海警船4艘次，持續在臺海周邊活動。國軍運用任務機、艦及岸置飛彈系統嚴密監控與應處。
2024/6/6,國防部今日表示，迄0600時止，偵獲共機1架次（於東南空域）、共艦8艘次，持續在臺海周邊活動。國軍運用任務機、艦及岸置飛彈系統嚴密監控與應處。
2024/6/5,國防部今日表示，迄0600時止，偵獲共機26架次（其中逾越海峽中線進入北部及西南空域19架次）、共艦10艘次，持續在臺海周邊活動。國軍運用任務機、艦及岸置飛彈系統嚴密監控與應處。
2024/6/4,國防部今日表示，迄0600時止，偵獲共機19架次（其中逾越海峽中線進入北部及西南空域17架次）、共艦8艘次及海警船4艘次，持續在臺海周邊活動。國軍運用任務機、艦及岸置飛彈系統嚴密監控與應處。
2024/6/3,國防部今日表示，迄0600時止，偵獲共艦8艘次及海警船4艘次，持續在臺海周邊活動。國軍運用任務艦及岸置飛彈系統嚴密監控與應處；上述期間共機無逾越海峽中線及西南空域，故無提供航跡圖。
2024/6/2,國防部今日表示，迄0600時止，偵獲共機2架次（逾越海峽中線及進入北部空域2架次）、共艦6艘次及海警船4艘次，持續在臺海周邊活動。國軍運用任務機、艦及岸置飛彈系統嚴密監控與應處。
2024/6/1,國防部今日表示，迄0600時止，偵獲共機9架次（其中逾越海峽中線進入西南空域8架次）、共艦6艘次及海警船4艘次，持續在臺海周邊活動。國軍運用任務機、艦及岸置飛彈系統嚴密監控與應處。
2024/5/31,國防部今日表示，迄0600時止，偵獲共機13架次(其中逾越海峽中線進入西南空域11架次）、共艦10艘次及海警船4艘次，持續在臺海周邊活動。國軍運用任務機、艦及岸置飛彈系統嚴密監控與應處。
2024/5/30,國防部今日表示，迄0600時止，偵獲共機38架次（其中逾越海峽中線進入北部及西南空域28架次）、共艦7艘次及海警船4艘次，持續在臺海周邊活動。國軍運用任務機、艦及岸置飛彈系統嚴密監控與應處。
2024/5/29,國防部今日表示，迄0600時止，偵獲共機13架次（其中逾越海峽中線及進入西南及東南空域3架次）、共艦5艘次及海警船4艘次，持續在臺海周邊活動。國軍運用任務機、艦及岸置飛彈系統嚴密監控與應處。
2024/5/28,國防部今日表示，迄0600時止，偵獲共機3架次（逾越海峽中線及進入西南空域）、共艦7艘次及海警船4艘次，持續在臺海周邊活動。國軍運用任務機、艦及岸置飛彈系統嚴密監控與應處。
2024/5/27,國防部今日表示，迄0600時止，偵獲共機21架次（其中進入西南及東南空域10架次）、共艦11艘次及海警船4艘次，持續在臺海周邊活動。國軍運用任務機、艦及岸置飛彈系統嚴密監控與應處。
2024/5/26,國防部今日表示，迄0600時止，偵獲共機7架次、共艦14艘次及海警船4艘次，持續在臺海周邊活動。國軍運用任務機、艦及岸置飛彈系統嚴密監控與應處。
2024/5/25,國防部今日表示，迄0600時止，偵獲共機62架次（其中逾越海峽中線及進入西南、東南及東部空域47架次）、共艦27艘次，持續在臺海周邊活動。國軍運用任務機、艦及岸置飛彈系統嚴密監控舆應處。
2024/5/24,國防部今日表示，迄0600時止，偵獲共機49架次(其中逾越海峽中線及進入西南空域35架次）、共艦19艘次及海警船7艘次，持續在臺海周邊活動。國軍運用任務機、艦及岸置飛彈系統嚴密監控與應處。
2024/5/23,國防部今日表示，迄0600時止，偵獲共機1架次（進入西南及東南空域）、共艦8艘次及海警船4艘次，持續在臺海周邊活動。國軍運用任務機、艦及岸置飛彈系統嚴密監控與應處。
2024/5/22,國防部今日表示，迄0600時止，偵獲共艦7艘次及海警船4艘次，持續在臺海周邊活動。國軍運用任務艦及岸置飛彈系統嚴密監控與應處，上述期間共機無逾越海峽中線及西南空域，故無提供航跡圖。
2024/5/21,國防部今日表示，迄0600時止，共艦8艘次，持續在臺海周邊活動。國軍運用任務艦及岸置飛彈系統嚴密監控與應處；上述期間共機無逾越海峽中線及西南空域，故無提供航跡圖。
2024/5/20,國防部今日表示，迄0600時止，偵獲共機6架次（逾越海峽中線進入北部及西南空域6架次）、共艦7艘次，持續在臺海周邊活動。國軍運用任務機、艦及岸置飛彈系統嚴密監控與應處。
2024/5/19,國防部今日表示，迄0600時止，偵獲共機7架次、共艦7艘次，持續在臺海周邊活動。國軍運用任務機、艦及岸置飛彈系統嚴密監控與應處。
2024/5/18,　國防部今日表示，迄0600時止，偵獲共機18架次（其中逾越海峽中線進入北部及西南空域12架次）、共艦4艘次，持續在臺海周邊活動。國軍運用任務機、艦及岸置飛彈系統嚴密監控與應處。
2024/5/17,國防部今日表示，迄0600時止，偵獲共機8架次（其中逾越海峽中線進入北部空域1架次）、共艦8艘次，持續在臺海周邊活動。國軍運用任務機、艦及岸置飛彈系統嚴密監控與應處。
2024/5/16,國防部今日表示，迄0600時止，偵獲共機27架次（其中逾越海峽中線進入西南及東部空域19架次）、共艦7艘次，持續在臺海周邊活動。國軍運用任務機、艦及岸置飛彈系統嚴密監控與應處。
2024/5/15,國防部今日表示，迄0600時止，偵獲共機45架次（其中逾越海峽中線進入北部及西南空域26架次）、共艦6艘次，持續在臺海周邊活動。國軍運用任務機、艦及岸置飛彈系統嚴密監控與應處。
2024/5/14,國防部今日表示，迄0600時止，偵獲共機10架次（其中逾越海峽中線及進入西南空域10架次）、共艦5艘次，持續在臺海周邊活動。國軍運用任務機、艦及岸置飛彈系統嚴密監控與應處。
2024/5/13,國防部今日表示，迄0600時止，偵獲共機2架次（逾越海峽中線2架次）、共艦7艘次，持續在臺海周邊活動。國軍運用任務機、艦及岸置飛彈系統嚴密監控與應處。
2024/5/12,國防部今日表示，迄0600時止，偵獲共機11架次（其中逾越海峽中線及其延伸線進入西南空域8架次）、共艦8艘次，持續在臺海周邊活動。國軍運用任務機、艦及岸置飛彈系統嚴密監控與應處。
2024/5/11,國防部今日表示，迄0600時止，偵獲共機15架次（其中谕越海峽中線及進入西南空域9架次）、共艦6艘次，持續在臺海周邊活動。國軍運用任務機、艦及岸置飛彈系統嚴密監控與應處。
2024/5/10,國防部今日表示，迄0600時止，偵獲共機6架次（其中逾越海峽中線及進入西南空域4架次）、共艦7艘次，持續在臺海周邊活動。國軍運用任務機丶艦及岸置飛彈系統嚴密監控與應處。
2024/5/9,國防部今日表示，迄0600時止，偵獲共機23架次（其中逾越海峽中線進入西南及東部空域8架次）、共艦5艘次，持續在臺海周邊活動。國軍運用任務機、艦及岸置飛彈系統嚴密監控與應處。
2024/5/8,國防部今日表示，迄0600時止，偵獲共機16架次（其中逾越海峽中線及其延伸線進入西南及東部空域8架次）、共艦6艘次，持續在臺海周邊活動。國軍運用任務機、艦及岸置飛彈系統嚴密監控與應處。
2024/5/7,國防部今日表示，迄0600時止，偵獲共機10架次（其中逾越海峽中線及其延伸線進入西南及東部空域4架次）、共艦5艘次，持續在臺海周邊活動。國軍運用任務機、艦及岸置飛彈系統嚴密監控與應處。
2024/5/6,國防部今日表示，迄0600時止，偵獲共機3架次（其中進入西南空域2架次）、共艦6艘次，持續在臺海周邊活動。國軍運用任務機、艦及岸置飛彈系統嚴密監控與應處。
2024/5/5,國防部今日表示，迄0600時止，偵獲共機7架次（其中逾越海峽中線進入西南空域1架次）、共艦5艘次，持續在臺海周邊活動。國軍運用任務機、艦及岸置飛彈系統嚴密監控與應處。
2024/5/4,國防部今日表示，迄0600時止，偵獲共機9架次、共艦5艘次，持續在臺海周邊活動。國軍運用任務機、艦及岸置飛彈系統嚴密監控與應處。
2024/5/3,國防部今日表示，迄0600時止，偵獲共機26架次（其中逾越海峽中線進入北部及西南空域17架次）、共艦5艘次，持續在臺海周邊活動。國軍運用任務機、艦及岸置飛彈系統嚴密監控與應處。
2024/5/2,國防部今日表示，迄0600時止，偵獲共機4架次（其中逾越海峽中線進入北部及西南空域4架次）、共艦4艘次，持續在臺海周邊活動。國軍運用任務機、艦及岸置飛彈系統嚴密監控與應處。
2024/5/1,國防部今日表示，迄0600時止，偵獲共艦7艘次，持續在臺海周邊活動。國軍運用任務艦及岸置飛彈系統嚴密監控與應處；上述期間共機無逾越海峽中線及西南空域，故無提供航跡圖。
2024/4/30,國防部今日表示，迄0600時止，偵獲共機7架次（其中逾越海峽中線及其延伸線進入西南空域5架次）、共艦7艘次，持續在臺海周邊活動。國軍運用任務機、艦及岸置飛彈系統嚴密監控與應處。
2024/4/29,國防部今日表示，迄0600時止，偵獲共艦4艘次，持續在臺海周邊活動。國軍運用任務艦及岸置飛彈系統嚴密監控與應處。上述期間共機無逾越海峽中線及西南空域，故無提供航跡圖。
2024/4/28,國防部今日表示，迄0600時止，偵獲共機22架次（其中逾越海峽中線及進入北部空域12架次）、共艦4艘次，持續在臺海周邊活動。國軍運用任務機、艦及岸置飛彈系統嚴密監控與應處。
2024/4/27,國防部今日表示，迄0600時止，偵獲共機1架次（逾越海峽中線）、共艦5艘次，持續在臺海周邊活動。國軍運用任務機、艦及岸置飛彈系統嚴密監控與應處。
2024/4/26,國防部今日表示，迄0600時止，偵獲共艦6艘次，持續在臺海周邊活動。國軍運用任務艦及岸置飛彈系統嚴密監控與應處；上述期間共機無逾越海峽中線及西南空域，故無提供航跡圖。
2024/4/25,國防部今日表示，迄0600時止，偵獲共機10架次（其中逾越海峽中線及進入西南空域7架次）、共艦6艘次，持續在臺海周邊活動。國軍運用任務機、艦及岸置飛彈系統嚴密監控與應處。
2024/4/24,國防部今日表示，迄0600時止，偵獲共機2架次、共艦7艘次，持續在臺海周邊活動。國軍運用任務機、艦及岸置飛彈系統嚴密監控與應處。
2024/4/23,國防部今日表示，迄0600時止，偵獲共機2架次、共艦6艘次，持續在臺海周邊活動。國軍運用任務機、艦及岸置飛彈系統嚴密監控與應處。
2024/4/22,國防部今日表示，迄0600時止，偵獲共機10架次（其中逾越海峽中線8架次）、共艦6艘次，持續在臺海周邊活動。國軍運用任務機、艦及岸置飛彈系統嚴密監控與應處。
2024/4/21,國防部今日表示，迄0600時止，偵獲共機21架次（其中逾越海峽中線及進入北部及西南空域17架次）、共艦7艘次，持續在臺海周邊活動。國軍運用任務機、艦及岸置飛彈系統嚴密監控與應處。
2024/4/20,國防部今日表示，迄0600時止，偵獲共機8架次（其中逾越海峽及進入西南空域3架次）、共艦8艘次，持續在臺海周邊活動。國軍運用任務機、艦及岸置飛彈系統嚴密監控與應處。
2024/4/19,國防部今日表示，迄0600時止，偵獲共機6架次（其中逾越海峽中線進入北部及西南空域5架次）、共艦6艘次，持續在臺海周邊活動。國軍運用任務機、艦及岸置飛彈系統嚴密監控與應處。
2024/4/18,國防部今日表示，迄0600時止，偵獲共機18架次（其中逾越海峽中線及進入西南空域12架次）、共艦5艘次，持續在臺海周邊活動。國軍運用任務機、艦及岸置飛彈系統嚴密監控與應處。
2024/4/17,國防部今日表示，迄0600時止，偵獲共機10架次（其中逾越海峽中線及進入西南空域4架次）、共艦7艘次，持續在臺海周邊活動。國軍運用任務機、艦及岸置飛彈系統嚴密監控與應處。
2024/4/16,國防部今日表示，迄0600時止，偵獲共機11架次（其中逾越海峽中線、進入西南空域及東部空域8架次)、共艦8艘次，持續在臺海周邊活動。國軍運用任務機、艦及岸置飛彈系統嚴密監控與應處。
2024/4/15,國防部今日表示，迄0600時止，偵獲共機18架次（其中逾越海峽中線及進入西南空域11架次）、共艦6艘次，持續在臺海周邊活動。國軍運用任務機、艦及岸置飛彈系統嚴密監控與應處。
2024/4/14,國防部今日表示，迄0600時止，偵獲共機6架次（其中谕越海峽中線4架次）、共艦5艘次，持續在臺海周邊活動。國軍運用任務機、艦及岸罝飛彈系統嚴密監控與應處。
2024/4/13,國防部今日表示，迄0600時止，偵獲共機16架次（其中逾越海峽中線及進入西南空域12架次）、共艦8艘次，持續在臺海周邊活動。國軍運用任務艦及岸置飛彈系統嚴密監控與應處。
2024/4/12,國防部今日表示，迄0600時止，偵獲共機14架次（其中逾越海峽中線及進入西南空域9架次）、共艦8艘次，持續在臺海周邊活動。國軍運用任務機、艦及岸置飛彈系統嚴密監控與應處。
2024/4/11,國防部今日表示，迄0600時止，偵獲共機14架次（其中逾越海峽中線進入西南及東部空域6架次）、共艦6艘次，持續在臺海周邊活動。國軍運用任務機、艦及岸置飛彈系統嚴密監控與應處。
2024/4/10,國防部今日表示，迄0600時止，偵獲共機10架次（其中逾越海峽中線進入西南空域6架次)、共艦7艘次，持續在臺海周邊活動。國軍運用任務機、艦及岸置飛彈系統嚴密監控與應處。
2024/4/9,國防部今日表示，迄0600時止，偵獲共機7架次（其中逾越海峽中線進入西南及東部空域4架次）、共艦5艘次，持續在臺海周邊活動。國軍運用任務機、艦及岸置飛彈系統嚴密監控與應處。
2024/4/8,國防部今日表示，迄0600時止，偵獲共艦4艘次，持續在臺海周邊活動。國軍運用任務機、艦及岸置飛彈系統嚴密監控與應處。上述期間共機無逾越海峽中線及西南空域，故無提供航跡圖。
2024/4/7,國防部今日表示，迄0600時止，偵獲共艦6艘次，持續在臺海周邊活動。國軍運用任務機、艦及岸置飛彈系統嚴密監控與應處。上述期間共機無逾越海峽中線及西南空域，故無提供航跡圖。
2024/4/6,國防部今日表示，迄0600時止，偵獲共機1架次（進入東部空域）、共艦7艘次，持續在臺海周邊活動。國軍運用任務機、艦及岸置飛彈糸統嚴密監控舆應處。
2024/4/5,國防部今日表示，迄0600時止，偵獲共艦8艘次，持續在臺海周邊活動。國軍運用任務機、艦及岸置飛彈系統嚴密監控與應處；上述期間共機無逾越海峽中線及西南空域，故無提供航機圖。
2024/4/4,國防部今日表示，迄0600時止，偵獲共機3架次、共艦7艘次，持續在臺海周邊活動。國軍運用任務機、艦及岸置飛彈系統嚴密監控與應處。
2024/4/3,國防部今日表示，迄0600時止，偵獲共機30架次(其中進入北部、中線及西南空域20架次)、共艦9艘次，持續在臺海周邊活動。國軍運用任務機、艦及岸置飛彈系統嚴密監控與應處。
2024/4/2,國防部今日表示，迄0600時止，偵獲共機6架次(其中逾越海峽中線2架次)、共艦7艘次，持續在臺海周邊活動。國軍運用任務機、艦及岸置飛彈系統嚴密監控與應處。
2024/4/1,國防部今日表示，迄0600時止，偵獲共艦7艘次，持續在臺海周邊活動。國軍運用任務機、艦及岸置𢝵彈系統嚴密監控與應處。上述期間共機無逾越海峽中線及西南空域，故無提供航跡圖。
2024/3/31,國防部今日表示，迄0600時止，偵獲共機4架次、共艦6艘次，持續在臺海周邊活動。國軍運用任務機、艦及岸置飛彈系統嚴密監控與應處。
2024/3/30,國防部今日表示，迄0600時止，偵獲共機8架次（其中進入西南空域1架次）、共艦7艘次，持續在臺海周邊活動。國軍運用任務機、艦及岸置飛彈系統嚴密監控與應處。
2024/3/29,國防部今日表示，迄0600時止，偵獲共機4架次、共艦5艘次，持續在臺海周邊活動。國軍運用任務機、艦及岸置飛彈系統嚴密監控與應處。
2024/3/28,國防部今日表示，迄0600時止，偵獲共機20架次(其中逾越海峽中線進入北部、西南及東南空域14架次）、共艦8艘次，持續在臺海周邊活動。國軍運用任務機、艦及岸置飛彈系統嚴密監控與應處。
2024/3/27,國防部今日表示，迄0600時止，偵獲共機9架次（其中進入西南及東部空域4架）、共艦6艘次，持續在臺海周邊活動。國軍運用任務機、艦及岸置飛彈系統嚴密監控與應處。
2024/3/26,國防部今日表示，迄0600時止，偵獲共機13架次(其中進入西南空域3架次）、共艦7艘次，持續在臺海周邊活動。國軍運用任務機、艦及岸置飛彈糸統嚴密監控與應處。
2024/3/25,國防部今日表示，迄0600時止，偵獲共機5架次(其中進入西南空域1架次）、共艦7艘次，持續在臺海周邊活動。國軍運用任務機、艦及岸置飛彈系統嚴密監控與應處。
2024/3/24,國防部今日表示，迄0600時止，偵獲共機6架次(其中進入西南空域1架次）、艦8艘次，持續在臺海周邊活動。國軍運用任務機、艦及岸置飛彈糸統嚴䀄監控與應處。
2024/3/23,國防部今日表示，迄0600時止，偵獲共機13架次(其中進入西南空域4架次)、共艦6艘次，持續在臺海周邊活動。國軍運用任務機、艦及岸置飛彈系統嚴密監控與應處。
2024/3/22,國防部今日表示，迄0600時止，偵獲共機36架次(其中逾越海峽中線進入北部及西南空域13架次)、共艦6艘次，持續在臺海周邊活動。國軍運用任務機、艦及岸置飛彈系統嚴密監控與應處。
2024/3/21,國防部今日表示，迄0600時止，偵獲共機32架次(其中逾越海峽中線進入西南、東南及東部空域20架次)、共艦5艘次，持續在臺海周邊活動。國軍運用任務機、艦及岸置飛彈系統嚴密監控與應處。
2024/3/20,國防部今日表示，迄0600時止，偵獲共機15架次(其中逾越海峽中線進入西南空域6架次)、共艦10艘次，持續在臺海周邊活動。國軍運用任務機、艦及岸置飛彈系統嚴密監控與應處。
2024/3/19,國防部今日表示，迄0600時止，偵獲共機9架次(其中逾越海峽中線進入西南及東部空域2架次)、共艦10艘次，持續在臺海周邊活動。國軍運用任務機、艦及岸置飛彈系統嚴密監控與應處。
2024/3/18,國防部今日表示，迄0600時止，偵獲共機9架次(其中逾越海峽中線進入西南空域了架次)、共艦5艘次，持續在臺海周邊活動。國軍運用任務機、艦及岸置飛彈系統嚴密監控與應處。
2024/3/17,國防部今日表示，迄0600時止，偵獲共機4架次(其中逾越海峽中線進入北部空域1架次)、共艦7艘次，持續在臺海周邊活動。國軍運用任務機、艦及岸置𢝵彈系統嚴密監控與應處。
2024/3/16,國防部今日表示，迄0600時止，偵獲共機10架次（其中逾越海峽中線進入西南及東部空域6架次）、共艦8艘次，持續在臺海周邊活動。國軍運用任務機、艦及岸置飛彈系統嚴密監控與應處。
2024/3/15,國防部今日表示，迄0600時止，偵獲共機11架次（其中進入西南及東部空域4架次)、共艦8艘次，持續在臺海周邊活動。國軍運用任務機、艦及岸置飛彈系統嚴密監控與應處。
2024/3/14,國防部今日表示，迄0600時止，偵獲共機26架次（其中逾越海峽中線進入北部、西南及東部空域18架次)、共艦10艘次，持續在臺海周邊活動。國軍運用任務機、艦及岸置飛彈系統嚴密監控與應處。
2024/3/13,國防部今日表示，迄0600時止，偵獲共機10架次(其中逾越海峽中線進入西南及東部空域4架次) 、共艦9艘次，持續在臺海周邊活動。國軍運用任務機、艦及岸置飛彈系統嚴密監控與應處。
2024/3/12,國防部今日表示，迄0600時止，偵獲共機2架次、共艦5艘次，持續在臺海周邊活動。國軍運用任務機、艦及岸置飛彈系統嚴密監控與應處。
2024/3/11,國防部今日表示，迄0600時止，偵獲共機8架次、共艦6艘次，持續在臺海周邊活動。國軍運用任務機、艦及岸置飛彈系統嚴密監控與應處。
2024/3/10,國防部今日表示，迄0600時止，偵獲共機7架（其中進入西南空域2架次）、共艦5艘次，持續在臺海周邊活動。國軍運用任務機丶艦及岸置飛彈系統嚴密監控與應處。
2024/3/9,國防部今日表示，迄0600時止，偵獲共機9架（其中逾越海峽中線進入西南及北部空域4架次）、共艦5艘次，持續在臺海周邊活動。國軍運用任務機、艦及岸置飛彈系統嚴密監控與應處。
2024/3/8,國防部今日表示，迄0600時止，偵獲共機9架次(其中進入西南空域1架次)、共艦5艘次，持續在臺海周邊活動。國軍運用任務機、艦及岸置飛彈系統嚴密監控與應處。
2024/3/7,國防部今日表示，迄0600時止，偵獲共機8架次(其中進入東部空域1架次)、共艦5艘次，持續在臺海周邊活動。國軍運用任務機、艦及岸置飛彈系統嚴密監控與應處。
2024/3/6,國防部今日表示，迄0600時止，偵獲共機14架次、共艦8艘次，持續在臺海周邊活動。國軍運用任務機、艦及岸置飛彈系統嚴密監控與應處。
2024/3/5,國防部今日表示，迄0600時止，偵獲共機12架次(其中逾越海峽中線進入西南及東部空域2架次)、共艦6艘次，持續在臺海周邊活動。國軍運用任務機、艦及岸置飛彈系統嚴密監控與應處。
2024/3/4,國防部今日表示，迄0600時止，偵獲共機16架次(其中進入西南及東部空域10架次）、共艦7艘次，持續在臺海周邊活動。國軍運用任務機、艦及岸置飛彈糸統嚴密監控與應處。
2024/3/3,國防部今日表示，迄0600時止，偵獲共機21架次(其中逾越海峽中線及其延伸線進入西南空域10架次）、共艦6艘次，持續在臺海周邊活動。國軍運用任務機、艦及岸置飛彈系統嚴密監控與應處。
2024/3/2,"國防部今日表示，迄0600時止，偵獲共機9架次（其中逾越海峽中線進入北部及西南空域4架次）、共艦8艘次，持續在臺海周邊活動。國軍運用任務機、艦及岸置飛彈系統嚴密監控與應處。
　昨(1)日1429時、1528時、1511時、1511時、1503時、1509時、1601時及1524時偵獲空飄氣球8枚，逾越海峽中線，位於基隆西北方64浬、基隆北方102浬、基隆西北方70浬、基隆西北方74浬、基隆西北方40浬、基隆東北方108浬、基隆西北方74浬、基隆北方113浬，高度約2萬5,000呎、高度約2萬2,000呎、高度約2萬呎、高度約2萬6,000呎、高度約2萬1,000呎、高度約1萬8,000呎、高度約1萬2,000呎及高度約2萬5,000呎，續向東飄行，並於昨(1)日1544時、1558時、1600時、1607時、1513時、1536時、1720時及1605時消失。"
2024/3/1,"國防部今日表示，迄0600時止，偵獲共機10架次(其中逾越海峽中線進入西南及東部空域3架次)、共艦6艘次，持續在臺海周邊活動。國軍運用任務機、艦及岸置飛彈系統嚴密監控與應處。
　中共運載火箭發射活動，已於2月29日2103時西昌衛星發射中心進行，該火箭飛行路徑經我臺灣中部朝西太平洋方向，高度位於大氣層外，對臺灣地區無危害。國軍運用聯合情監偵系統，周密掌握相關彈道動態、軌跡等資訊，適切警戒與應處。"
2024/2/29,國防部今日表示，迄0600時止，偵獲共機19架次(其中逾越海峽中線進入北部、西南及東部空域12架次)、共艦7艘次，持續在臺海周邊活動。國軍運用任務機、艦及岸置飛彈系統嚴密監控與應處。
2024/2/28,"國防部今日表示，迄0600時止，偵獲共機15架次(其中進入西南空域3架次）、共艦11艘次，持續在臺海周邊活動。國軍運用任務機、艦及岸置飛彈糸統嚴䀄監控舆應處。

　　昨(27)日1141時偵獲空飄氣球1枚，逾越海峽中線，位於基隆西北方84浬，高度約1萬1000呎，續向東飄行，並於昨(27)日1222時消失。"
2024/2/27,"國防部今日表示，迄0600時止，偵獲共機10架次、共艦6艘次，持續在臺海周邊活動。國軍運用任務機、艦及岸置飛彈系統嚴密監控與應處。
　昨(26)日1548時偵獲空飄氣球1枚，逾越海峽中線，位於基隆西北方73浬，高度約3萬呎，續向東飄行，並於昨(26)日1629時消失。"
2024/2/26,國防部今日表示，迄0600時止，偵獲共機11架次(其中逾越海峽中線及其延伸線進入西南及東南空域2架次）、共艦5艘次，持續在臺海周邊活動。國軍運用任務機、艦及岸置飛彈系統嚴密監控與應處。
2024/2/25,國防部今日表示，迄0600時止，偵獲共機4架次、共艦4艘次，持續在臺海周邊活動。國軍運用任務機、艦及岸置飛彈系統嚴密監控與應處。
2024/2/24,國防部今日表示，迄0600時止，偵獲共機9架次、共艦9艘次，持續在臺海周邊活動。國軍運用任務艦及岸置飛彈系統嚴密監控與應處。
2024/2/23,國防部今日表示，迄0600時止，偵獲共機11架次(其中逾越海峽中線及其延伸線進入西南空域2架次)、共艦6艘次，持續在臺海周邊活動。國軍運用任務機、艦及岸置飛彈系統嚴密監控與應處。
2024/2/22,國防部今日表示，迄0600時止，偵獲共機11架次(其中逾越海峽中線進入北部、西南及東部空域5架次)、共艦6艘次，持續在臺海周邊活動。國軍運用任務機、艦及岸置飛彈系統嚴密監控與應處。
2024/2/21,國防部今日表示，迄0600時止，偵獲共機10架次(逾越海峽中線進入北部、西南及東部空域6架次)、共艦6艘次，持續在臺海周邊活動。國軍運用任務機、艦及岸置飛彈系統嚴密監控與應處。
2024/2/20,國防部今日表示，迄0600時止，偵獲共機24架次(逾越海峽中線及進入西南空域11架次)、共艦8艘次，持續在臺海周邊活動。國軍運用任務機、艦及岸置飛彈系統嚴密監控與應處。
2024/2/19,國防部今日表示，迄0600時止，偵獲共機7架次(其中進入西南空域1架次）、共艦7艘次，持續在臺海周邊活動。國軍運用任務機、艦及岸置飛彈系統嚴密監控與應處。
2024/2/18,"國防部今日表示，迄0600時止，偵獲共機7架次(其中逾越海峽中線進入西南空域1架次)、共艦5艘次，持續在臺海周邊活動。國軍運用任務機、艦及岸置飛彈系統嚴密監控與應處。
　昨(17)日0821時及0913時偵獲空飄氣球2枚，逾越海峽中線，位於基隆西北方63浬及69浬，高度約2萬5,000呎及1萬7,000呎，續向東飄行，並於昨(17)日1000時及0934時消失。"
2024/2/17,"　國防部今日表示，迄0600時止，偵獲共機7架次，共艦5艘次，持續在臺海周邊活動。國軍運用任務機、艦及岸置飛彈系統嚴密監控與應處。
　另今日0141時偵獲空飄氣球1枚，逾越海峽中線，位於基隆西北方78浬，高度約2萬呎，續向東飄行，並於0233時消失。"
2024/2/16,國防部今日表示，迄0600時止，偵獲共機8架次(其中進入西南空域1架次)、共艦7艘次，持續在臺海周邊活動。國軍運用任務機、艦及岸置飛彈系統嚴密監控與應處。
2024/2/15,國防部今日表示，迄0600時止，偵獲共機21架次(其中逾越海峽中線及其延伸線進入北部、西南空域14架次)、共艦6艘次，持續在臺海周邊活動。國軍運用任務機、艦及岸置飛彈系統嚴密監控與應處。
2024/2/14,國防部今日表示，迄0600時止，偵獲共機4架次（其中逾越海峽中線進入西南空域1架次）、共艦4艘次，持續在臺海周邊活動。國軍運用任務機、艦及岸置飛彈系統嚴密監控與應處。
2024/2/13,"國防部今日表示，迄0600時止，偵獲共機2架次（其中逾越海峽中線及其延伸線進入北部空域1架次）、共艦4艘次，持續在臺海周邊活動。國軍運用任務機、艦及岸置飛彈系統嚴密監控與應處。
　昨(12)日0709時偵獲空飄氣球1枚，逾越海峽中線，位於臺中西北方58浬，高度約1萬8,000呎，續向東飄行，並於昨(12)日0757時消失。"
2024/2/12,國防部今日表示，迄0600時止，偵獲共機2架次、共艦4艘次，持續在臺海周邊活動。國軍運用任務機、艦及岸置飛彈系統嚴密監控與應處。
2024/2/11,"國防部今日表示，迄0600時止，偵獲共機6架次（其中進入西南空域1架次）、共艦4艘次，持續在臺海周邊活動。國軍運用任務機、艦及岸置飛彈系統嚴密監控與應處。
　　昨(10)日0646時、0727時、0825時、1045時、1213時、1247時、1256時及1349時偵獲空飄氣球8枚，逾越海峽中線，位於臺中西南方115浬、臺中西南方108浬、臺中西南方91浬、基隆西北方46浬、基隆西北方76浬、基隆西方82浬、臺中西南方102浬及臺中西南方91浬，高度約3萬5,000呎、2萬6,000呎、2萬8,000呎、1萬8,000呎、2萬1,000呎、1萬2,000呎、2萬1,000呎及3萬0,000呎，續向東飄行，並於昨(10)日1005時、1030時、0950時、1211時、1237時、1533時、1432時及1534時消失。"
2024/2/10,"國防部今日表示，迄0600時止，偵獲共機5架次（其中逾越海峽中線及其延伸線進入西南、北部空域2架次）、共艦4艘次，持續在臺海周邊活動。國軍運用任務機、艦及岸置飛彈系統嚴密監控與應處。

　　昨(9)日0709時、0710時、0741時、0800時、1009時、1041時、1055時及1822時偵獲空飄氣球8枚，逾越海峽中線，位於基隆西方92浬、基隆西方89浬、基隆西方77浬、臺中西北方65浬、基隆西北方68浬、臺中西北方55浬、屏東西北方87浬及基隆西北方71浬，高度約3萬0,000呎、2萬0,000呎、2萬0,000呎、1萬5,000呎、2萬2,000呎、2萬0,000呎、1萬6,000呎及3萬8,000呎，續向東飄行，並於昨(9)日0742時、0747時、0814時、0952時、1016時、1232時、1130時及1941時消失。"
2024/2/9,"國防部今日表示，迄0600時止，偵獲共機7架次（其中進入西南空域3架次）、共艦5艘次，持續在臺海周邊活動。國軍運用任務機、艦及岸置飛彈系統嚴密監控與應處。

　　昨(8)日1245時及1835時偵獲空飄氣球2枚，逾越海峽中線，位於屏東西北方78浬、臺中西北方44浬，高度約2萬5,000呎及2萬2,000呎，續向東飄行，並於昨(8)日1317時、2022時消失。"
2024/2/8,國防部今日表示，迄0600時止，偵獲共艦4艘次，持續在臺海周邊活動。國軍運用任務艦及岸置飛彈系統嚴密監控與應處。上述期間共機無逾越海峽中線及西南空域，故無提供航跡圖。
2024/2/7,"　國防部今日表示，迄0600時止，偵獲共機9架次、共艦5艘次，持續在臺海周邊活動。國軍運用任務機、艦及岸置飛彈系統嚴密監控與應處。

　　昨(6)日1256時偵獲空飄氣球1枚，逾越海峽中線，位於基隆西方83浬，高度約3萬5,000呎，續向東飄行，並於昨(6)日1459時消失。"
2024/2/6,"國防部今日表示，迄0600時止，偵獲共機25架次(其中逾越海峽中線及其延伸線進入西南、北部空域13架次) 、共艦6艘次，持續在臺海周邊活動。國軍運用任務機、艦及岸置飛彈系統嚴密監控與應處。
　昨(5)日0831時偵獲空飄氣球1枚，逾越海峽中線，位於基隆西方94浬，高度約2萬3,000呎，續向東飄行，並於昨(5)日0923時消失。"
2024/2/5,國防部今日表示，迄0600時止，偵獲共機2架次、共艦5艘次，持續在臺海周邊活動。國軍運用任務機、艦及岸置飛彈系統嚴密監控與應處。
2024/2/4,國防部今日表示，迄0600時止，偵獲共機7架次(其中逾越海峽中線及其延伸線進入西南空域1架次）、共艦4艘次，持續在臺海周邊活動。國軍運用任務機、艦及岸置飛彈系統嚴密監控與應處。
2024/2/3,國防部今日表示，迄0600時止，偵獲共機10架次、共艦5艘次，持續在臺海周邊活動。國軍運用任務機、艦及岸置飛彈系統嚴密監控與應處。
2024/2/2,國防部今日表示，迄0600時止，偵獲共機8架次(其中逾越海峽中線及其延伸線進入西南空域3架次)、共艦5艘次，持續在臺海周邊活動。國軍運用任務機、艦及岸置飛彈系統嚴密監控與應處。
2024/2/1,國防部今日表示，迄0600時止，偵獲共機33架次(其中逾越海峽中線及其延伸線進入西南空域14架次)、共艦6艘次，持續在臺海周邊活動。國軍運用任務機、艦及岸置飛彈系統嚴密監控與應處。
2024/1/31,"國防部今日表示，迄0600時止，偵獲共機7架次、共艦4艘次，持續在臺海周邊活動。國軍運用任務機、艦及岸置飛彈系統嚴密監控與應處。
　昨(30)日1030時偵獲空飄氣球1枚，逾越海峽中線，位於基隆西北方64浬，高度約2萬5,000呎，續向東飄行，並於昨(30)日1215時消失。"
2024/1/30,"國防部今日表示，迄0600時止，偵獲共機9架次、共艦4艘次，持續在臺海周邊活動。國軍運用任務機、艦及岸置飛彈系統嚴密監控與應處。
　昨(29)日1509時偵獲空飄氣球1枚，逾越海峽中線，位於基隆西方75浬，高度約2萬0,000呎，續向東飄行，並於昨(29)日1510時消失。"
2024/1/29,"國防部今日表示，迄0600時止，偵獲共機7架次（其中逾越海峽中線及其延伸線進入西南空域1架次）、共艦6艘次，持續在臺海周邊活動。國軍運用任務機、艦及岸置飛彈系統嚴密監控與應處。
　昨(28)日1927時偵獲空飄氣球1枚，逾越海峽中線，位於臺中西南方68浬，高度約2萬2,000呎，續向東飄行，並於昨(28)日2052時消失。"
2024/1/28,國防部今日表示，迄0600時止，偵獲共機9架次（其中逾越海峽中線及其延伸線進入西南空域2架次)、共艦6艘次，持續在臺海周邊活動。國軍運用任務機、艦及岸置飛彈系統嚴密監控與應處。
2024/1/27,"國防部今日表示，迄0600時止，偵獲共機33架次(其中逾越海峽中線及其延伸線進入西南、北部空域13架次）、共艦6艘次，持續在臺海周邊活動。國軍運用任務機、艦及岸置飛彈系統嚴密監控與應處。

　　昨(26)日1249時及1305時偵獲空飄氣球2枚，逾越海峽中線，位於基隆西南方101浬及屏東西北方132浬，高度約2萬0,000呎及1萬7,000呎，續向東飄行，並於昨(26)日1313時及1455時消失。"
2024/1/26,"國防部今日表示，迄0600時止，偵獲共機10架次（其中進入西南空域2架次）、共艦4艘次，持續在臺海周邊活動。國軍運用任務機、艦及岸置飛彈系統嚴密監控與應處。

　　昨(25)日0651時、1143時、1148時及1517時偵獲空飄氣球4枚，逾越海峽中線，位於臺中西北方57浬、基隆西北方80浬、臺中西北方51浬及屏東西北方112浬，高度約1萬5,000呎、1萬6,000呎、1萬8,000呎及1萬7,000呎，續向東飄行，並於昨(25)日0735時、1239時、1232時及2007時消失。"
2024/1/25,"國防部今日表示，迄0600時止，偵獲共機18架次（其中逾越海峽中線及其延伸線進入西南空域4架次）、共艦5艘次，持續在臺海周邊活動。國軍運用任務機、艦及岸置飛彈系統嚴密監控與應處。
　 昨(24)日0557時、1511時及1530時偵獲空飄氣球3枚，逾越海峽中線，位於基隆西方72浬、屏東西方124浬及屏東西方124浬，高度約2萬4,000呎、1萬3,000呎及1萬8,000呎，續向東飄行，並於昨(24)日0632時、1557時及1614時消失。"
2024/1/24,"國防部今日表示，迄0600時止，偵獲共機7架次、共艦5艘次，持續在臺海周邊活動。國軍運用任務艦及岸置飛彈系統嚴密監控與應處。
　昨(23)日1614時及2212時偵獲空飄氣球2枚，逾越海峽中線，位於基隆西方90浬及屏東西方113浬，高度約2萬3,000呎及1萬8,000呎，續向東飄行，並於昨(23)日1742時及2304時消失。"
2024/1/23,"國防部今日表示，迄0600時止，偵獲共機7架次（其中逾越海峽中線1架次）、共艦3艘次，持續在臺海周邊活動。國軍運用任務機、艦及岸置飛彈系統嚴密監控與應處。

　　昨(22)日2243時偵獲空飄氣球1枚，逾越海峽中線，位於基隆西方88浬，高度約2萬3,000呎，續向東飄行，並於昨(22)日2310時消失。"
2024/1/22,"國防部今日表示，迄0600時止，偵獲共機4架次、共艦4艘次，持續在臺海周邊活動。國軍運用任務艦及岸置飛彈系統嚴密監控與應處。
　昨(21)日0556時、0808時、0954時、0954時、1350時及1933時偵獲空飄氣球6枚，逾越海峽中線，位於基隆西方65浬、基隆西方57浬、基隆西方72浬、屏東西方164浬、基隆西方65浬及基隆西方92浬，高度約2萬3,000呎、高度約2萬0,000呎、高度約2萬0,000呎、高度約1萬5,000呎、高度約2萬0,000呎及高度約2萬7,000呎，續向東飄行，並於昨(21)日0650時、0824時、1010時、1545時、1548時及2208時消失。"
2024/1/21,"國防部今日表示，迄0600時止，偵獲共機3架次、共艦4艘次，在臺海周邊活動。國軍運用任務艦及岸置飛彈系統嚴密監控與應處。
　昨(20)日1347時、1736時偵獲空飄氣球2枚，逾越海峽中線，位於基隆西方163浬、124浬，高度約3萬2,000呎、2萬0,000呎，續向東飄行，並於昨(20)日1638時及2112時消失。"
2024/1/20,國防部今日表示，迄0600時止，偵獲共機10架次(其中逾越海峽中線及其延伸線進入西南空域2架次）、共艦4艘次，持續在臺海周邊活動。國軍運用任務機、艦及岸置飛彈系統嚴密監控舆應處。
2024/1/19,國防部今日表示，迄0600時止，偵獲共機12架次（其中進入西南空域1架次）、共艦4艘次，持續在臺海周邊活動。國軍運用任務機、艦及岸置飛彈系統嚴密監控與應處。
2024/1/18,國防部今日表示，迄0600時止，偵獲共機24架次(其中逾越海峽中線及其延伸進入西南、北部空域11架次) 、共艦5艘次，持續在臺海周邊活動。國軍運用任務機、艦及岸置飛彈系統嚴密監控與應處；中共昨（17）日22時27分執行火箭發射任務，於文昌航天發射場進行，飛行方向為西太平洋，未經過我國防空識別區。
2024/1/17,國防部今日表示，迄0600時止，偵獲共機9架次(其中進入東南空域2架次) 、共艦3艘次，持續在臺海周邊活動。國軍運用任務機、艦及岸置飛彈系統嚴密監控與應處。
2024/1/16,"國防部今日表示，迄0600時止，偵獲共機15架次(其中進入東南空域2架次) 、共艦3艘次，持續在臺海周邊活動。國軍運用任務機、艦及岸置飛彈系統嚴密監控與應處。
　昨(15)日1420時偵獲空飄氣球1枚，逾越海峽中線，位於屏東西北方125浬，高度約2萬1,000呎，並於昨(15)日1509時消失。"
2024/1/15,"國防部今日表示，迄0600時止，偵獲共機6架次(其中逾越海峽中線1架次)、共艦4艘次，持續在臺海周邊活動。國軍運用任務機、艦及岸置飛彈系統嚴密監控與應處。

　　昨(14)日1347時偵獲空飄氣球1枚，逾越海峽中線，位於基隆西南方159浬，高度約3萬3,000呎，續向東飄行，並於昨(14)日1638時消失。"
2024/1/14,"國防部今日表示，迄0600時止，偵獲共艦4艘次，在臺海周邊活動。國軍運用任務艦及岸置飛彈系統嚴密監控與應處
　昨(13)日2306時偵獲空飄氣球1枚，逾越海峽中線，位於基隆西方75浬，高度約2萬7,000呎，續向東飄行，並於昨(13)日2328時消失。"
2024/1/13,"國防部今日表示，迄0600時止，偵獲共機8架次(其中進入西南空域1架次）、共艦6艘次，持續在臺海周邊活動。國軍運用任務機、艦及岸置飛彈系統嚴密監控與應處。

　　昨(12)日0329及1435時偵獲空飄氣球2枚，逾越海峽中線，分於屏東西方100浬、基隆西北方83浬，高度約2萬2,000呎及2萬0,000呎，並於昨(12)日0544及1741時消失。"
2024/1/12,國防部今日表示，迄0600時止，偵獲共機10架次(其中逾越海峽中線及其延伸線進入北部及西南空域2架次）、共艦6艘次，持續在臺海周邊活動。國軍運用任務機、艦及岸置飛彈系統嚴密監控與應處。